city,datetime,temperature,feels_like,humidity,weather,wind_speed,rain_3h
Mont Saint Michel,2026-05-15 12:00:00,12.19,11.19,66,light rain,6.22,0.42
Mont Saint Michel,2026-05-15 15:00:00,12.2,11.23,67,broken clouds,6.71,0.0
Mont Saint Michel,2026-05-15 18:00:00,11.28,10.32,71,scattered clouds,5.21,0.0
Mont Saint Michel,2026-05-15 21:00:00,8.32,6.18,81,light rain,3.53,0.39
Mont Saint Michel,2026-05-16 00:00:00,7.85,6.85,84,light rain,1.83,0.15
Mont Saint Michel,2026-05-16 03:00:00,7.61,5.28,79,light rain,3.59,0.17
Mont Saint Michel,2026-05-16 06:00:00,7.94,6.22,81,scattered clouds,2.73,0.0
Mont Saint Michel,2026-05-16 09:00:00,11.52,10.53,69,broken clouds,3.75,0.0
Mont Saint Michel,2026-05-16 12:00:00,13.17,12.27,66,broken clouds,5.21,0.0
Mont Saint Michel,2026-05-16 15:00:00,13.16,12.44,73,overcast clouds,5.22,0.0
Mont Saint Michel,2026-05-16 18:00:00,11.7,11.22,88,light rain,3.84,0.56
Mont Saint Michel,2026-05-16 21:00:00,10.93,10.56,95,light rain,2.21,2.17
Mont Saint Michel,2026-05-17 00:00:00,9.94,8.05,94,light rain,3.74,0.12
Mont Saint Michel,2026-05-17 03:00:00,10.18,9.71,94,light rain,3.4,0.9
Mont Saint Michel,2026-05-17 06:00:00,9.51,7.7,91,light rain,3.39,0.11
Mont Saint Michel,2026-05-17 09:00:00,12.05,11.32,77,overcast clouds,4.03,0.0
Mont Saint Michel,2026-05-17 12:00:00,13.98,13.26,70,light rain,5.46,0.32
Mont Saint Michel,2026-05-17 15:00:00,13.2,12.46,72,light rain,4.71,0.22
Mont Saint Michel,2026-05-17 18:00:00,11.76,10.95,75,overcast clouds,3.55,0.0
Mont Saint Michel,2026-05-17 21:00:00,10.1,9.12,75,overcast clouds,2.76,0.0
Mont Saint Michel,2026-05-18 00:00:00,9.58,7.55,83,light rain,3.87,0.21
Mont Saint Michel,2026-05-18 03:00:00,8.52,6.22,89,light rain,3.92,0.22
Mont Saint Michel,2026-05-18 06:00:00,9.56,7.15,85,overcast clouds,4.73,0.0
Mont Saint Michel,2026-05-18 09:00:00,12.76,12.15,79,light rain,6.32,0.6
Mont Saint Michel,2026-05-18 12:00:00,12.61,12.02,80,light rain,7.2,1.01
Mont Saint Michel,2026-05-18 15:00:00,11.67,11.11,85,light rain,5.31,0.24
Mont Saint Michel,2026-05-18 18:00:00,10.96,10.49,91,light rain,3.7,0.5
Mont Saint Michel,2026-05-18 21:00:00,11.05,10.67,94,light rain,5.14,1.12
Mont Saint Michel,2026-05-19 00:00:00,11.38,11.05,95,light rain,6.87,0.23
Mont Saint Michel,2026-05-19 03:00:00,12.17,11.98,97,moderate rain,8.18,3.65
Mont Saint Michel,2026-05-19 06:00:00,14.35,14.35,96,light rain,6.98,2.07
Mont Saint Michel,2026-05-19 09:00:00,15.64,15.43,83,light rain,7.21,1.91
Mont Saint Michel,2026-05-19 12:00:00,17.18,16.86,73,light rain,6.72,0.3
Mont Saint Michel,2026-05-19 15:00:00,16.39,16.07,76,light rain,6.56,0.44
Mont Saint Michel,2026-05-19 18:00:00,14.94,14.66,83,light rain,4.09,0.1
Mont Saint Michel,2026-05-19 21:00:00,11.69,11.29,91,broken clouds,0.81,0.0
Mont Saint Michel,2026-05-20 00:00:00,11.39,11.04,94,broken clouds,3.17,0.0
Mont Saint Michel,2026-05-20 03:00:00,10.55,10.14,95,broken clouds,3.14,0.0
Mont Saint Michel,2026-05-20 06:00:00,11.9,11.6,94,broken clouds,2.53,0.0
Mont Saint Michel,2026-05-20 09:00:00,16.12,15.9,81,overcast clouds,2.91,0.0
St Malo,2026-05-15 12:00:00,13.29,12.53,71,light rain,6.12,0.16
St Malo,2026-05-15 15:00:00,12.84,12.01,70,scattered clouds,6.88,0.0
St Malo,2026-05-15 18:00:00,11.84,10.93,71,light rain,7.11,0.12
St Malo,2026-05-15 21:00:00,9.63,6.61,70,clear sky,6.5,0.0
St Malo,2026-05-16 00:00:00,9.31,6.85,75,light rain,4.7,0.26
St Malo,2026-05-16 03:00:00,8.29,5.33,74,light rain,5.3,0.11
St Malo,2026-05-16 06:00:00,9.18,7.03,74,scattered clouds,3.92,0.0
St Malo,2026-05-16 09:00:00,11.48,10.43,67,overcast clouds,4.27,0.0
St Malo,2026-05-16 12:00:00,11.2,10.2,70,overcast clouds,7.3,0.0
St Malo,2026-05-16 15:00:00,12.16,11.62,84,light rain,7.19,0.35
St Malo,2026-05-16 18:00:00,11.54,11.13,91,light rain,3.67,0.97
St Malo,2026-05-16 21:00:00,11.24,10.74,89,light rain,3.7,0.45
St Malo,2026-05-17 00:00:00,11.01,10.52,90,overcast clouds,4.74,0.0
St Malo,2026-05-17 03:00:00,10.48,9.83,86,light rain,4.98,0.16
St Malo,2026-05-17 06:00:00,9.39,6.89,87,overcast clouds,4.85,0.0
St Malo,2026-05-17 09:00:00,11.97,11.23,77,overcast clouds,5.77,0.0
St Malo,2026-05-17 12:00:00,12.66,11.91,74,light rain,5.65,0.43
St Malo,2026-05-17 15:00:00,12.64,11.84,72,light rain,5.07,0.22
St Malo,2026-05-17 18:00:00,12.05,11.14,70,overcast clouds,4.58,0.0
St Malo,2026-05-17 21:00:00,10.73,9.87,77,overcast clouds,4.81,0.0
St Malo,2026-05-18 00:00:00,10.01,9.21,82,light rain,4.72,0.2
St Malo,2026-05-18 03:00:00,9.6,7.11,83,overcast clouds,4.95,0.0
St Malo,2026-05-18 06:00:00,10.29,9.49,81,overcast clouds,6.34,0.0
St Malo,2026-05-18 09:00:00,12.94,12.2,73,light rain,6.96,0.36
St Malo,2026-05-18 12:00:00,12.23,11.47,75,light rain,6.66,0.36
St Malo,2026-05-18 15:00:00,11.65,11.12,86,light rain,5.99,0.48
St Malo,2026-05-18 18:00:00,11.07,10.61,91,light rain,4.45,0.74
St Malo,2026-05-18 21:00:00,11.49,11.12,93,light rain,6.24,1.11
St Malo,2026-05-19 00:00:00,12.14,11.84,93,light rain,8.43,0.31
St Malo,2026-05-19 03:00:00,13.07,12.91,95,moderate rain,8.87,3.41
St Malo,2026-05-19 06:00:00,14.4,14.32,93,light rain,7.08,1.65
St Malo,2026-05-19 09:00:00,14.78,14.48,83,light rain,7.17,0.18
St Malo,2026-05-19 12:00:00,15.91,15.62,79,light rain,6.22,0.24
St Malo,2026-05-19 15:00:00,15.26,14.93,80,light rain,7.06,0.15
St Malo,2026-05-19 18:00:00,15.07,14.77,82,light rain,5.43,0.11
St Malo,2026-05-19 21:00:00,13.06,12.75,89,overcast clouds,3.27,0.0
St Malo,2026-05-20 00:00:00,12.07,11.73,92,overcast clouds,4.32,0.0
St Malo,2026-05-20 03:00:00,11.5,11.13,93,scattered clouds,4.54,0.0
St Malo,2026-05-20 06:00:00,12.26,11.97,93,scattered clouds,4.16,0.0
St Malo,2026-05-20 09:00:00,15.35,15.11,83,overcast clouds,2.87,0.0
Bayeux,2026-05-15 12:00:00,12.14,11.19,68,light rain,5.3,0.54
Bayeux,2026-05-15 15:00:00,12.43,11.45,66,broken clouds,4.08,0.0
Bayeux,2026-05-15 18:00:00,11.32,10.34,70,scattered clouds,2.8,0.0
Bayeux,2026-05-15 21:00:00,7.9,5.51,88,light rain,3.83,0.2
Bayeux,2026-05-16 00:00:00,5.9,2.95,91,few clouds,4.03,0.0
Bayeux,2026-05-16 03:00:00,3.63,0.08,93,light rain,4.16,0.1
Bayeux,2026-05-16 06:00:00,6.17,3.43,89,light rain,3.77,0.16
Bayeux,2026-05-16 09:00:00,11.28,10.08,62,clear sky,4.4,0.0
Bayeux,2026-05-16 12:00:00,9.83,8.17,76,light rain,3.24,0.21
Bayeux,2026-05-16 15:00:00,12.49,11.62,70,overcast clouds,4.48,0.0
Bayeux,2026-05-16 18:00:00,11.28,10.66,84,overcast clouds,5.41,0.0
Bayeux,2026-05-16 21:00:00,10.09,9.61,94,light rain,4.23,0.32
Bayeux,2026-05-17 00:00:00,9.43,7.12,95,overcast clouds,4.4,0.0
Bayeux,2026-05-17 03:00:00,8.9,6.68,96,light rain,3.94,0.19
Bayeux,2026-05-17 06:00:00,9.0,6.68,92,overcast clouds,4.2,0.0
Bayeux,2026-05-17 09:00:00,12.52,11.71,72,overcast clouds,5.61,0.0
Bayeux,2026-05-17 12:00:00,12.58,11.96,79,light rain,5.6,0.62
Bayeux,2026-05-17 15:00:00,13.34,12.56,70,light rain,4.11,0.79
Bayeux,2026-05-17 18:00:00,11.8,10.94,73,overcast clouds,4.84,0.0
Bayeux,2026-05-17 21:00:00,8.89,6.97,85,overcast clouds,3.35,0.0
Bayeux,2026-05-18 00:00:00,8.35,6.1,88,light rain,3.75,0.1
Bayeux,2026-05-18 03:00:00,8.42,5.71,91,light rain,4.77,0.26
Bayeux,2026-05-18 06:00:00,9.37,6.98,86,overcast clouds,4.55,0.0
Bayeux,2026-05-18 09:00:00,11.63,10.81,75,light rain,5.79,0.16
Bayeux,2026-05-18 12:00:00,13.56,12.88,73,light rain,7.66,0.47
Bayeux,2026-05-18 15:00:00,12.57,11.95,79,light rain,6.9,0.55
Bayeux,2026-05-18 18:00:00,11.18,10.52,83,overcast clouds,5.38,0.0
Bayeux,2026-05-18 21:00:00,10.52,9.87,86,light rain,5.25,0.22
Bayeux,2026-05-19 00:00:00,10.85,10.29,88,light rain,6.46,0.15
Bayeux,2026-05-19 03:00:00,11.59,11.15,90,light rain,7.95,0.31
Bayeux,2026-05-19 06:00:00,12.52,12.36,97,light rain,6.93,1.96
Bayeux,2026-05-19 09:00:00,15.42,15.34,89,light rain,7.82,1.6
Bayeux,2026-05-19 12:00:00,17.05,16.66,71,light rain,10.13,0.35
Bayeux,2026-05-19 15:00:00,16.74,16.19,66,broken clouds,9.3,0.0
Bayeux,2026-05-19 18:00:00,14.63,14.26,81,scattered clouds,6.64,0.0
Bayeux,2026-05-19 21:00:00,10.38,9.98,96,broken clouds,3.95,0.0
Bayeux,2026-05-20 00:00:00,10.77,10.44,97,broken clouds,4.45,0.0
Bayeux,2026-05-20 03:00:00,10.2,9.81,97,overcast clouds,4.14,0.0
Bayeux,2026-05-20 06:00:00,11.86,11.53,93,overcast clouds,3.95,0.0
Bayeux,2026-05-20 09:00:00,16.45,16.14,76,overcast clouds,3.99,0.0
Le Havre,2026-05-15 12:00:00,12.51,11.67,71,light rain,5.66,0.38
Le Havre,2026-05-15 15:00:00,12.02,11.08,69,broken clouds,4.57,0.0
Le Havre,2026-05-15 18:00:00,11.39,10.33,67,broken clouds,4.33,0.0
Le Havre,2026-05-15 21:00:00,10.13,8.97,68,light rain,4.35,0.1
Le Havre,2026-05-16 00:00:00,10.02,8.85,68,clear sky,5.66,0.0
Le Havre,2026-05-16 03:00:00,10.03,9.02,74,light rain,6.13,0.17
Le Havre,2026-05-16 06:00:00,9.92,7.55,78,light rain,4.83,1.11
Le Havre,2026-05-16 09:00:00,10.88,9.77,67,light rain,5.95,0.38
Le Havre,2026-05-16 12:00:00,11.61,10.37,59,scattered clouds,6.5,0.0
Le Havre,2026-05-16 15:00:00,11.13,10.23,74,overcast clouds,4.98,0.0
Le Havre,2026-05-16 18:00:00,12.26,11.45,73,overcast clouds,2.69,0.0
Le Havre,2026-05-16 21:00:00,11.8,11.36,89,light rain,7.11,0.58
Le Havre,2026-05-17 00:00:00,11.38,10.92,90,light rain,5.9,0.63
Le Havre,2026-05-17 03:00:00,11.19,10.74,91,light rain,6.98,0.39
Le Havre,2026-05-17 06:00:00,11.41,10.85,86,overcast clouds,6.92,0.0
Le Havre,2026-05-17 09:00:00,12.21,11.39,73,overcast clouds,6.21,0.0
Le Havre,2026-05-17 12:00:00,13.22,12.43,70,overcast clouds,5.25,0.0
Le Havre,2026-05-17 15:00:00,12.48,11.74,75,light rain,5.6,0.38
Le Havre,2026-05-17 18:00:00,11.97,11.1,72,overcast clouds,4.49,0.0
Le Havre,2026-05-17 21:00:00,11.95,11.03,70,overcast clouds,5.46,0.0
Le Havre,2026-05-18 00:00:00,10.93,10.19,81,light rain,6.61,0.53
Le Havre,2026-05-18 03:00:00,10.93,9.96,72,light rain,7.0,0.35
Le Havre,2026-05-18 06:00:00,11.0,10.06,73,light rain,7.63,0.26
Le Havre,2026-05-18 09:00:00,11.94,11.07,72,light rain,7.08,0.24
Le Havre,2026-05-18 12:00:00,12.8,12.07,74,light rain,6.74,0.27
Le Havre,2026-05-18 15:00:00,13.0,12.42,79,light rain,7.18,0.99
Le Havre,2026-05-18 18:00:00,12.26,11.68,82,light rain,7.21,0.64
Le Havre,2026-05-18 21:00:00,11.44,10.89,86,light rain,7.11,0.38
Le Havre,2026-05-19 00:00:00,11.25,10.75,89,light rain,8.28,0.57
Le Havre,2026-05-19 03:00:00,11.45,11.08,93,light rain,8.86,0.92
Le Havre,2026-05-19 06:00:00,12.47,12.23,94,light rain,10.22,2.52
Le Havre,2026-05-19 09:00:00,14.02,13.93,94,moderate rain,7.0,3.1
Le Havre,2026-05-19 12:00:00,14.94,14.74,86,light rain,8.24,0.58
Le Havre,2026-05-19 15:00:00,15.03,14.6,77,broken clouds,8.37,0.0
Le Havre,2026-05-19 18:00:00,14.34,13.97,82,scattered clouds,8.2,0.0
Le Havre,2026-05-19 21:00:00,13.49,13.19,88,few clouds,6.16,0.0
Le Havre,2026-05-20 00:00:00,12.61,12.3,91,scattered clouds,5.31,0.0
Le Havre,2026-05-20 03:00:00,12.15,11.88,94,broken clouds,5.34,0.0
Le Havre,2026-05-20 06:00:00,12.94,12.61,89,broken clouds,4.99,0.0
Le Havre,2026-05-20 09:00:00,14.27,13.97,85,overcast clouds,3.48,0.0
Rouen,2026-05-15 12:00:00,11.02,10.14,75,light rain,4.95,1.04
Rouen,2026-05-15 15:00:00,11.74,10.77,69,light rain,4.53,0.55
Rouen,2026-05-15 18:00:00,12.1,11.22,71,overcast clouds,3.1,0.0
Rouen,2026-05-15 21:00:00,8.38,7.63,88,scattered clouds,1.66,0.0
Rouen,2026-05-16 00:00:00,6.78,5.03,91,scattered clouds,2.47,0.0
Rouen,2026-05-16 03:00:00,3.38,0.88,93,clear sky,2.61,0.0
Rouen,2026-05-16 06:00:00,6.24,3.49,88,few clouds,3.8,0.0
Rouen,2026-05-16 09:00:00,11.6,10.67,71,light rain,4.76,0.42
Rouen,2026-05-16 12:00:00,13.33,12.13,54,light rain,5.15,0.33
Rouen,2026-05-16 15:00:00,10.62,9.51,68,broken clouds,4.86,0.0
Rouen,2026-05-16 18:00:00,11.38,10.56,76,broken clouds,3.2,0.0
Rouen,2026-05-16 21:00:00,9.84,8.22,86,overcast clouds,3.18,0.0
Rouen,2026-05-17 00:00:00,9.57,7.98,95,light rain,3.03,0.18
Rouen,2026-05-17 03:00:00,9.52,7.97,98,light rain,2.94,0.22
Rouen,2026-05-17 06:00:00,9.98,8.43,94,overcast clouds,3.11,0.0
Rouen,2026-05-17 09:00:00,11.19,10.77,92,light rain,4.28,0.3
Rouen,2026-05-17 12:00:00,14.54,13.93,72,light rain,5.47,1.01
Rouen,2026-05-17 15:00:00,15.21,14.46,64,light rain,5.8,0.17
Rouen,2026-05-17 18:00:00,12.57,11.87,76,light rain,4.24,0.33
Rouen,2026-05-17 21:00:00,8.82,7.66,87,overcast clouds,2.19,0.0
Rouen,2026-05-18 00:00:00,8.54,7.16,89,overcast clouds,2.41,0.0
Rouen,2026-05-18 03:00:00,7.57,5.75,92,overcast clouds,2.77,0.0
Rouen,2026-05-18 06:00:00,9.59,7.52,80,light rain,3.95,0.12
Rouen,2026-05-18 09:00:00,12.72,11.74,65,overcast clouds,5.67,0.0
Rouen,2026-05-18 12:00:00,13.23,12.57,75,light rain,5.02,0.59
Rouen,2026-05-18 15:00:00,13.45,13.02,83,light rain,5.44,1.22
Rouen,2026-05-18 18:00:00,11.85,11.44,90,light rain,4.41,0.27
Rouen,2026-05-18 21:00:00,10.14,9.56,90,light rain,3.96,0.11
Rouen,2026-05-19 00:00:00,10.13,9.6,92,overcast clouds,4.29,0.0
Rouen,2026-05-19 03:00:00,9.98,7.65,94,light rain,4.79,0.59
Rouen,2026-05-19 06:00:00,11.21,10.89,96,light rain,5.87,1.13
Rouen,2026-05-19 09:00:00,12.6,12.45,97,light rain,6.28,2.87
Rouen,2026-05-19 12:00:00,16.93,16.82,82,light rain,7.48,2.29
Rouen,2026-05-19 15:00:00,16.99,16.73,76,light rain,7.53,1.03
Rouen,2026-05-19 18:00:00,15.4,15.03,78,broken clouds,6.41,0.0
Rouen,2026-05-19 21:00:00,11.09,10.74,95,scattered clouds,3.59,0.0
Rouen,2026-05-20 00:00:00,9.56,8.09,96,broken clouds,2.83,0.0
Rouen,2026-05-20 03:00:00,9.15,7.87,97,overcast clouds,2.42,0.0
Rouen,2026-05-20 06:00:00,11.85,11.52,93,overcast clouds,2.38,0.0
Rouen,2026-05-20 09:00:00,16.81,16.48,74,overcast clouds,3.62,0.0
Paris,2026-05-15 12:00:00,12.96,11.8,57,light rain,3.58,0.26
Paris,2026-05-15 15:00:00,12.0,10.82,60,light rain,3.92,1.55
Paris,2026-05-15 18:00:00,10.06,9.05,74,light rain,1.83,1.57
Paris,2026-05-15 21:00:00,8.66,8.66,85,light rain,1.2,0.23
Paris,2026-05-16 00:00:00,7.76,7.76,89,light rain,1.29,0.13
Paris,2026-05-16 03:00:00,6.44,5.58,93,few clouds,1.51,0.0
Paris,2026-05-16 06:00:00,7.0,5.39,85,clear sky,2.35,0.0
Paris,2026-05-16 09:00:00,12.52,11.13,50,clear sky,3.62,0.0
Paris,2026-05-16 12:00:00,12.71,11.71,64,light rain,4.77,0.43
Paris,2026-05-16 15:00:00,13.83,12.7,55,light rain,2.83,0.87
Paris,2026-05-16 18:00:00,12.7,11.49,56,overcast clouds,3.13,0.0
Paris,2026-05-16 21:00:00,11.59,10.58,68,overcast clouds,2.04,0.0
Paris,2026-05-17 00:00:00,10.71,9.79,75,overcast clouds,2.75,0.0
Paris,2026-05-17 03:00:00,9.77,8.52,89,light rain,2.55,0.44
Paris,2026-05-17 06:00:00,9.31,7.54,96,light rain,3.25,0.93
Paris,2026-05-17 09:00:00,10.03,9.57,95,light rain,2.64,0.26
Paris,2026-05-17 12:00:00,15.35,14.66,66,light rain,3.52,0.28
Paris,2026-05-17 15:00:00,14.98,14.6,79,light rain,3.3,1.69
Paris,2026-05-17 18:00:00,13.46,13.16,88,light rain,2.81,2.23
Paris,2026-05-17 21:00:00,11.04,10.6,92,light rain,1.55,0.23
Paris,2026-05-18 00:00:00,10.29,9.78,92,overcast clouds,1.19,0.0
Paris,2026-05-18 03:00:00,10.13,9.57,91,overcast clouds,1.63,0.0
Paris,2026-05-18 06:00:00,10.09,9.43,87,overcast clouds,1.89,0.0
Paris,2026-05-18 09:00:00,12.75,11.83,67,light rain,3.18,0.32
Paris,2026-05-18 12:00:00,16.39,15.26,45,light rain,4.41,0.35
Paris,2026-05-18 15:00:00,15.26,14.46,62,light rain,4.82,0.6
Paris,2026-05-18 18:00:00,12.43,11.95,85,light rain,3.44,1.12
Paris,2026-05-18 21:00:00,11.58,11.04,86,light rain,3.08,0.26
Paris,2026-05-19 00:00:00,10.94,10.34,86,overcast clouds,3.01,0.0
Paris,2026-05-19 03:00:00,10.7,10.15,89,light rain,3.27,0.2
Paris,2026-05-19 06:00:00,10.6,10.09,91,light rain,3.73,0.47
Paris,2026-05-19 09:00:00,11.35,11.05,96,light rain,4.9,1.61
Paris,2026-05-19 12:00:00,16.05,15.9,84,light rain,5.7,0.15
Paris,2026-05-19 15:00:00,17.95,17.89,80,light rain,3.83,1.48
Paris,2026-05-19 18:00:00,15.71,15.63,88,light rain,3.32,1.89
Paris,2026-05-19 21:00:00,13.08,12.92,95,clear sky,2.01,0.0
Paris,2026-05-20 00:00:00,11.53,11.22,95,scattered clouds,1.88,0.0
Paris,2026-05-20 03:00:00,10.32,9.86,94,broken clouds,1.69,0.0
Paris,2026-05-20 06:00:00,12.04,11.62,89,broken clouds,1.53,0.0
Paris,2026-05-20 09:00:00,17.39,16.93,67,overcast clouds,1.83,0.0
Amiens,2026-05-15 12:00:00,11.86,10.96,71,light rain,5.1,2.08
Amiens,2026-05-15 15:00:00,11.85,10.87,68,light rain,4.79,0.91
Amiens,2026-05-15 18:00:00,10.95,10.03,74,light rain,3.59,0.17
Amiens,2026-05-15 21:00:00,7.84,6.68,83,overcast clouds,2.0,0.0
Amiens,2026-05-16 00:00:00,7.15,5.42,91,overcast clouds,2.53,0.0
Amiens,2026-05-16 03:00:00,3.75,0.98,93,few clouds,3.03,0.0
Amiens,2026-05-16 06:00:00,6.11,3.68,85,few clouds,3.24,0.0
Amiens,2026-05-16 09:00:00,11.74,10.82,71,light rain,4.26,0.36
Amiens,2026-05-16 12:00:00,13.74,12.63,56,light rain,6.01,0.95
Amiens,2026-05-16 15:00:00,12.24,11.06,59,overcast clouds,5.1,0.0
Amiens,2026-05-16 18:00:00,10.88,9.88,71,broken clouds,4.61,0.0
Amiens,2026-05-16 21:00:00,9.21,7.98,79,broken clouds,2.37,0.0
Amiens,2026-05-17 00:00:00,10.0,7.97,81,overcast clouds,4.08,0.0
Amiens,2026-05-17 03:00:00,9.08,7.0,96,light rain,3.74,0.53
Amiens,2026-05-17 06:00:00,9.57,7.51,95,light rain,3.93,0.17
Amiens,2026-05-17 09:00:00,12.15,11.56,82,overcast clouds,5.29,0.0
Amiens,2026-05-17 12:00:00,12.42,11.83,81,light rain,5.09,0.13
Amiens,2026-05-17 15:00:00,14.7,14.13,73,light rain,4.69,1.03
Amiens,2026-05-17 18:00:00,12.39,11.8,81,light rain,3.81,0.52
Amiens,2026-05-17 21:00:00,9.33,7.86,90,overcast clouds,2.75,0.0
Amiens,2026-05-18 00:00:00,7.64,5.75,89,overcast clouds,2.89,0.0
Amiens,2026-05-18 03:00:00,7.41,5.56,91,overcast clouds,2.76,0.0
Amiens,2026-05-18 06:00:00,8.96,6.36,88,light rain,4.83,0.23
Amiens,2026-05-18 09:00:00,10.25,9.45,81,light rain,5.35,0.1
Amiens,2026-05-18 12:00:00,14.01,13.14,64,light rain,6.81,0.45
Amiens,2026-05-18 15:00:00,14.5,13.81,69,light rain,6.31,0.98
Amiens,2026-05-18 18:00:00,11.45,10.97,89,light rain,4.48,1.4
Amiens,2026-05-18 21:00:00,9.21,7.45,96,light rain,3.2,0.12
Amiens,2026-05-19 00:00:00,9.7,7.34,94,overcast clouds,4.67,0.0
Amiens,2026-05-19 03:00:00,9.53,6.91,96,light rain,5.23,0.78
Amiens,2026-05-19 06:00:00,10.3,9.87,95,light rain,6.25,0.4
Amiens,2026-05-19 09:00:00,11.03,10.7,96,moderate rain,7.09,3.24
Amiens,2026-05-19 12:00:00,13.28,13.2,97,moderate rain,5.21,3.01
Amiens,2026-05-19 15:00:00,15.94,15.81,85,light rain,6.08,1.65
Amiens,2026-05-19 18:00:00,14.6,14.34,85,light rain,5.48,0.49
Amiens,2026-05-19 21:00:00,10.73,10.31,94,clear sky,3.98,0.0
Amiens,2026-05-20 00:00:00,9.51,7.61,96,scattered clouds,3.56,0.0
Amiens,2026-05-20 03:00:00,9.32,7.41,97,broken clouds,3.5,0.0
Amiens,2026-05-20 06:00:00,11.93,11.63,94,overcast clouds,3.38,0.0
Amiens,2026-05-20 09:00:00,17.04,16.65,71,overcast clouds,4.45,0.0
Lille,2026-05-15 12:00:00,10.17,9.38,82,light rain,5.85,1.14
Lille,2026-05-15 15:00:00,10.65,9.68,73,light rain,5.66,0.2
Lille,2026-05-15 18:00:00,10.09,8.9,67,overcast clouds,3.49,0.0
Lille,2026-05-15 21:00:00,7.99,7.0,74,overcast clouds,1.84,0.0
Lille,2026-05-16 00:00:00,7.59,6.89,81,light rain,1.51,0.24
Lille,2026-05-16 03:00:00,6.33,5.29,93,light rain,1.65,2.0
Lille,2026-05-16 06:00:00,6.34,4.32,92,light rain,2.72,1.23
Lille,2026-05-16 09:00:00,9.41,8.13,73,broken clouds,2.49,0.0
Lille,2026-05-16 12:00:00,13.64,12.47,54,light rain,1.77,0.23
Lille,2026-05-16 15:00:00,13.86,12.58,49,light rain,5.85,0.32
Lille,2026-05-16 18:00:00,11.52,10.19,56,broken clouds,4.27,0.0
Lille,2026-05-16 21:00:00,7.4,5.65,78,few clouds,2.63,0.0
Lille,2026-05-17 00:00:00,8.08,6.22,85,scattered clouds,2.97,0.0
Lille,2026-05-17 03:00:00,8.96,6.8,90,light rain,3.85,0.23
Lille,2026-05-17 06:00:00,9.53,7.58,95,light rain,3.67,0.45
Lille,2026-05-17 09:00:00,10.46,9.94,91,light rain,4.21,0.17
Lille,2026-05-17 12:00:00,15.32,14.55,63,light rain,6.99,1.0
Lille,2026-05-17 15:00:00,14.55,13.89,70,light rain,5.26,1.05
Lille,2026-05-17 18:00:00,13.1,12.45,76,light rain,3.27,0.81
Lille,2026-05-17 21:00:00,10.05,9.36,86,overcast clouds,2.62,0.0
Lille,2026-05-18 00:00:00,8.88,7.16,84,overcast clouds,3.01,0.0
Lille,2026-05-18 03:00:00,8.76,7.0,84,overcast clouds,3.03,0.0
Lille,2026-05-18 06:00:00,10.01,9.08,77,overcast clouds,3.76,0.0
Lille,2026-05-18 09:00:00,12.36,11.32,64,light rain,6.3,0.16
Lille,2026-05-18 12:00:00,14.45,13.54,61,light rain,5.91,0.36
Lille,2026-05-18 15:00:00,13.9,13.1,67,light rain,5.69,0.92
Lille,2026-05-18 18:00:00,12.78,12.1,76,light rain,4.75,0.7
Lille,2026-05-18 21:00:00,9.68,7.97,90,overcast clouds,3.28,0.0
Lille,2026-05-19 00:00:00,10.37,9.79,89,overcast clouds,3.62,0.0
Lille,2026-05-19 03:00:00,9.86,7.76,92,light rain,4.16,0.34
Lille,2026-05-19 06:00:00,9.9,7.33,94,light rain,5.36,1.28
Lille,2026-05-19 09:00:00,10.59,10.16,94,light rain,6.53,0.51
Lille,2026-05-19 12:00:00,11.84,11.56,95,light rain,5.99,0.89
Lille,2026-05-19 15:00:00,16.5,16.27,79,light rain,6.28,0.59
Lille,2026-05-19 18:00:00,14.25,13.87,82,light rain,6.16,0.72
Lille,2026-05-19 21:00:00,11.69,11.32,92,overcast clouds,5.2,0.0
Lille,2026-05-20 00:00:00,11.39,11.04,94,broken clouds,4.96,0.0
Lille,2026-05-20 03:00:00,12.64,12.28,89,broken clouds,5.38,0.0
Lille,2026-05-20 06:00:00,13.69,13.31,84,overcast clouds,4.21,0.0
Lille,2026-05-20 09:00:00,17.3,16.84,67,overcast clouds,4.68,0.0
Strasbourg,2026-05-15 12:00:00,10.96,9.97,71,light rain,1.98,1.16
Strasbourg,2026-05-15 15:00:00,11.71,10.82,72,light rain,3.33,1.0
Strasbourg,2026-05-15 18:00:00,11.01,10.23,79,light rain,1.64,1.44
Strasbourg,2026-05-15 21:00:00,8.2,7.37,90,light rain,1.71,0.87
Strasbourg,2026-05-16 00:00:00,5.78,5.01,93,scattered clouds,1.37,0.0
Strasbourg,2026-05-16 03:00:00,3.65,3.65,94,scattered clouds,1.19,0.0
Strasbourg,2026-05-16 06:00:00,5.43,5.43,93,light rain,1.03,0.46
Strasbourg,2026-05-16 09:00:00,9.62,9.62,75,light rain,0.79,0.3
Strasbourg,2026-05-16 12:00:00,14.1,12.85,49,light rain,0.27,0.28
Strasbourg,2026-05-16 15:00:00,14.62,13.36,47,light rain,1.59,0.13
Strasbourg,2026-05-16 18:00:00,12.49,11.47,64,light rain,1.66,0.13
Strasbourg,2026-05-16 21:00:00,8.61,7.81,82,light rain,1.74,0.26
Strasbourg,2026-05-17 00:00:00,7.47,6.37,88,light rain,1.87,0.2
Strasbourg,2026-05-17 03:00:00,5.37,3.37,93,broken clouds,2.46,0.0
Strasbourg,2026-05-17 06:00:00,7.83,6.33,85,scattered clouds,2.4,0.0
Strasbourg,2026-05-17 09:00:00,13.54,12.59,63,few clouds,1.56,0.0
Strasbourg,2026-05-17 12:00:00,16.39,15.39,50,broken clouds,1.44,0.0
Strasbourg,2026-05-17 15:00:00,16.47,15.53,52,overcast clouds,1.51,0.0
Strasbourg,2026-05-17 18:00:00,14.48,13.76,68,overcast clouds,1.54,0.0
Strasbourg,2026-05-17 21:00:00,10.54,9.63,76,overcast clouds,0.07,0.0
Strasbourg,2026-05-18 00:00:00,8.72,7.68,82,overcast clouds,2.03,0.0
Strasbourg,2026-05-18 03:00:00,7.48,5.55,86,broken clouds,2.9,0.0
Strasbourg,2026-05-18 06:00:00,9.15,7.52,88,light rain,2.96,0.42
Strasbourg,2026-05-18 09:00:00,10.14,9.64,93,light rain,1.76,1.32
Strasbourg,2026-05-18 12:00:00,14.15,13.79,83,light rain,3.62,1.7
Strasbourg,2026-05-18 15:00:00,13.31,12.94,86,moderate rain,3.31,3.13
Strasbourg,2026-05-18 18:00:00,12.24,11.82,88,light rain,1.9,2.1
Strasbourg,2026-05-18 21:00:00,9.87,9.87,91,light rain,1.11,0.29
Strasbourg,2026-05-19 00:00:00,8.27,7.24,93,overcast clouds,1.93,0.0
Strasbourg,2026-05-19 03:00:00,7.65,6.23,95,overcast clouds,2.26,0.0
Strasbourg,2026-05-19 06:00:00,9.35,8.49,93,overcast clouds,1.93,0.0
Strasbourg,2026-05-19 09:00:00,9.99,8.71,96,light rain,2.65,0.74
Strasbourg,2026-05-19 12:00:00,11.21,10.84,94,light rain,3.76,0.53
Strasbourg,2026-05-19 15:00:00,13.47,13.01,82,overcast clouds,2.16,0.0
Strasbourg,2026-05-19 18:00:00,12.78,12.52,92,light rain,2.36,0.78
Strasbourg,2026-05-19 21:00:00,11.67,11.35,94,overcast clouds,3.92,0.0
Strasbourg,2026-05-20 00:00:00,11.33,11.0,95,light rain,4.0,0.32
Strasbourg,2026-05-20 03:00:00,11.92,11.65,95,light rain,2.18,0.6
Strasbourg,2026-05-20 06:00:00,12.62,12.39,94,light rain,1.4,0.15
Strasbourg,2026-05-20 09:00:00,16.87,16.44,70,light rain,2.3,0.51
Chateau Du Haut Koenigsbourg,2026-05-15 12:00:00,7.9,6.62,62,light rain,2.14,1.5
Chateau Du Haut Koenigsbourg,2026-05-15 15:00:00,8.77,6.74,62,light rain,3.52,0.52
Chateau Du Haut Koenigsbourg,2026-05-15 18:00:00,8.03,6.87,67,light rain,2.03,0.15
Chateau Du Haut Koenigsbourg,2026-05-15 21:00:00,5.43,3.52,92,clear sky,2.37,0.0
Chateau Du Haut Koenigsbourg,2026-05-16 00:00:00,3.39,1.28,94,clear sky,2.2,0.0
Chateau Du Haut Koenigsbourg,2026-05-16 03:00:00,0.83,-1.3,95,few clouds,1.85,0.0
Chateau Du Haut Koenigsbourg,2026-05-16 06:00:00,4.78,4.78,82,broken clouds,0.53,0.0
Chateau Du Haut Koenigsbourg,2026-05-16 09:00:00,9.5,9.5,53,light rain,0.4,0.24
Chateau Du Haut Koenigsbourg,2026-05-16 12:00:00,10.78,9.32,54,light rain,1.56,0.85
Chateau Du Haut Koenigsbourg,2026-05-16 15:00:00,12.34,10.8,45,light rain,1.87,0.6
Chateau Du Haut Koenigsbourg,2026-05-16 18:00:00,8.57,8.57,76,light rain,0.47,0.66
Chateau Du Haut Koenigsbourg,2026-05-16 21:00:00,4.74,2.64,91,light rain,2.44,0.14
Chateau Du Haut Koenigsbourg,2026-05-17 00:00:00,3.87,2.37,91,overcast clouds,1.72,0.0
Chateau Du Haut Koenigsbourg,2026-05-17 03:00:00,2.54,0.89,93,scattered clouds,1.68,0.0
Chateau Du Haut Koenigsbourg,2026-05-17 06:00:00,6.21,6.21,83,broken clouds,0.64,0.0
Chateau Du Haut Koenigsbourg,2026-05-17 09:00:00,12.27,10.94,53,broken clouds,1.39,0.0
Chateau Du Haut Koenigsbourg,2026-05-17 12:00:00,13.3,12.02,51,overcast clouds,2.47,0.0
Chateau Du Haut Koenigsbourg,2026-05-17 15:00:00,12.31,11.24,63,overcast clouds,0.94,0.0
Chateau Du Haut Koenigsbourg,2026-05-17 18:00:00,10.91,9.88,70,overcast clouds,1.01,0.0
Chateau Du Haut Koenigsbourg,2026-05-17 21:00:00,6.25,5.24,84,overcast clouds,1.61,0.0
Chateau Du Haut Koenigsbourg,2026-05-18 00:00:00,5.83,4.87,78,overcast clouds,1.52,0.0
Chateau Du Haut Koenigsbourg,2026-05-18 03:00:00,7.22,6.24,67,broken clouds,1.71,0.0
Chateau Du Haut Koenigsbourg,2026-05-18 06:00:00,7.46,6.56,94,light rain,1.67,1.0
Chateau Du Haut Koenigsbourg,2026-05-18 09:00:00,10.18,9.58,89,light rain,1.68,1.1
Chateau Du Haut Koenigsbourg,2026-05-18 12:00:00,11.47,10.81,82,light rain,2.4,1.71
Chateau Du Haut Koenigsbourg,2026-05-18 15:00:00,11.67,11.01,81,light rain,1.64,2.36
Chateau Du Haut Koenigsbourg,2026-05-18 18:00:00,9.66,8.98,89,light rain,1.79,1.32
Chateau Du Haut Koenigsbourg,2026-05-18 21:00:00,6.36,4.95,92,overcast clouds,2.0,0.0
Chateau Du Haut Koenigsbourg,2026-05-19 00:00:00,5.48,4.19,92,overcast clouds,1.75,0.0
Chateau Du Haut Koenigsbourg,2026-05-19 03:00:00,6.67,6.0,91,overcast clouds,1.38,0.0
Chateau Du Haut Koenigsbourg,2026-05-19 06:00:00,7.77,7.77,92,overcast clouds,1.11,0.0
Chateau Du Haut Koenigsbourg,2026-05-19 09:00:00,7.87,7.87,97,light rain,1.26,1.11
Chateau Du Haut Koenigsbourg,2026-05-19 12:00:00,10.81,10.09,82,light rain,1.66,0.2
Chateau Du Haut Koenigsbourg,2026-05-19 15:00:00,10.71,10.08,86,light rain,1.03,0.26
Chateau Du Haut Koenigsbourg,2026-05-19 18:00:00,10.53,9.96,89,overcast clouds,1.53,0.0
Chateau Du Haut Koenigsbourg,2026-05-19 21:00:00,8.01,6.99,96,light rain,1.87,0.24
Chateau Du Haut Koenigsbourg,2026-05-20 00:00:00,9.62,8.97,96,overcast clouds,1.75,0.0
Chateau Du Haut Koenigsbourg,2026-05-20 03:00:00,9.94,9.6,97,overcast clouds,1.48,0.0
Chateau Du Haut Koenigsbourg,2026-05-20 06:00:00,10.6,10.09,91,light rain,1.27,0.12
Chateau Du Haut Koenigsbourg,2026-05-20 09:00:00,14.32,13.45,63,overcast clouds,1.96,0.0
Colmar,2026-05-15 12:00:00,10.91,9.78,66,light rain,0.62,1.0
Colmar,2026-05-15 15:00:00,11.61,10.5,64,light rain,2.64,1.07
Colmar,2026-05-15 18:00:00,10.75,9.71,70,light rain,2.22,0.41
Colmar,2026-05-15 21:00:00,8.05,6.6,88,clear sky,2.38,0.0
Colmar,2026-05-16 00:00:00,6.04,4.58,91,clear sky,2.0,0.0
Colmar,2026-05-16 03:00:00,3.44,2.2,93,clear sky,1.48,0.0
Colmar,2026-05-16 06:00:00,7.05,7.05,81,broken clouds,0.42,0.0
Colmar,2026-05-16 09:00:00,11.68,10.44,59,light rain,1.54,0.28
Colmar,2026-05-16 12:00:00,13.03,11.88,57,light rain,2.09,0.98
Colmar,2026-05-16 15:00:00,13.92,12.86,57,light rain,2.08,0.74
Colmar,2026-05-16 18:00:00,11.39,10.49,73,light rain,0.55,0.57
Colmar,2026-05-16 21:00:00,7.52,5.94,87,overcast clouds,2.43,0.0
Colmar,2026-05-17 00:00:00,6.7,5.99,89,overcast clouds,1.42,0.0
Colmar,2026-05-17 03:00:00,5.09,4.04,92,scattered clouds,1.51,0.0
Colmar,2026-05-17 06:00:00,8.78,8.78,81,broken clouds,0.87,0.0
Colmar,2026-05-17 09:00:00,14.26,13.18,55,broken clouds,1.94,0.0
Colmar,2026-05-17 12:00:00,16.3,15.24,48,overcast clouds,3.58,0.0
Colmar,2026-05-17 15:00:00,16.74,15.75,49,overcast clouds,0.82,0.0
Colmar,2026-05-17 18:00:00,13.74,13.05,72,overcast clouds,1.41,0.0
Colmar,2026-05-17 21:00:00,9.01,8.14,83,broken clouds,1.88,0.0
Colmar,2026-05-18 00:00:00,8.49,7.92,73,overcast clouds,1.51,0.0
Colmar,2026-05-18 03:00:00,9.59,8.59,70,broken clouds,2.16,0.0
Colmar,2026-05-18 06:00:00,10.11,9.53,90,light rain,2.42,0.69
Colmar,2026-05-18 09:00:00,12.67,12.21,85,light rain,3.59,0.64
Colmar,2026-05-18 12:00:00,12.57,12.18,88,light rain,2.42,1.16
Colmar,2026-05-18 15:00:00,15.5,14.88,68,light rain,1.56,1.16
Colmar,2026-05-18 18:00:00,13.33,12.76,78,light rain,1.03,0.75
Colmar,2026-05-18 21:00:00,9.13,8.14,89,overcast clouds,2.05,0.0
Colmar,2026-05-19 00:00:00,8.09,7.44,88,overcast clouds,1.53,0.0
Colmar,2026-05-19 03:00:00,8.86,8.86,86,overcast clouds,0.92,0.0
Colmar,2026-05-19 06:00:00,10.4,9.77,87,light rain,1.3,0.1
Colmar,2026-05-19 09:00:00,10.31,9.9,96,light rain,1.86,1.09
Colmar,2026-05-19 12:00:00,14.45,13.88,74,light rain,2.94,0.17
Colmar,2026-05-19 15:00:00,14.0,13.49,78,light rain,1.45,0.11
Colmar,2026-05-19 18:00:00,12.81,12.39,86,overcast clouds,1.61,0.0
Colmar,2026-05-19 21:00:00,10.32,9.91,96,light rain,2.29,0.29
Colmar,2026-05-20 00:00:00,11.88,11.6,95,overcast clouds,2.4,0.0
Colmar,2026-05-20 03:00:00,12.26,12.0,94,overcast clouds,1.62,0.0
Colmar,2026-05-20 06:00:00,13.94,13.61,85,overcast clouds,0.62,0.0
Colmar,2026-05-20 09:00:00,18.35,17.76,58,light rain,0.58,0.15
Eguisheim,2026-05-15 12:00:00,10.84,9.73,67,light rain,0.25,0.81
Eguisheim,2026-05-15 15:00:00,11.43,10.33,65,light rain,2.31,1.19
Eguisheim,2026-05-15 18:00:00,10.49,9.45,71,light rain,2.07,0.5
Eguisheim,2026-05-15 21:00:00,7.71,6.23,88,clear sky,2.35,0.0
Eguisheim,2026-05-16 00:00:00,5.67,4.21,91,clear sky,1.94,0.0
Eguisheim,2026-05-16 03:00:00,3.27,1.95,92,few clouds,1.52,0.0
Eguisheim,2026-05-16 06:00:00,6.85,6.85,81,broken clouds,0.33,0.0
Eguisheim,2026-05-16 09:00:00,11.38,10.09,58,light rain,1.65,0.28
Eguisheim,2026-05-16 12:00:00,12.66,11.47,57,light rain,1.99,0.99
Eguisheim,2026-05-16 15:00:00,13.23,12.18,60,light rain,2.03,0.81
Eguisheim,2026-05-16 18:00:00,10.96,10.04,74,light rain,0.59,0.59
Eguisheim,2026-05-16 21:00:00,7.21,5.57,88,overcast clouds,2.44,0.0
Eguisheim,2026-05-17 00:00:00,6.42,5.63,89,overcast clouds,1.45,0.0
Eguisheim,2026-05-17 03:00:00,4.87,3.81,91,scattered clouds,1.49,0.0
Eguisheim,2026-05-17 06:00:00,8.65,8.65,80,scattered clouds,0.77,0.0
Eguisheim,2026-05-17 09:00:00,13.9,12.78,55,overcast clouds,2.07,0.0
Eguisheim,2026-05-17 12:00:00,16.11,15.0,47,overcast clouds,3.56,0.0
Eguisheim,2026-05-17 15:00:00,16.92,15.84,45,overcast clouds,1.04,0.0
Eguisheim,2026-05-17 18:00:00,13.42,12.7,72,overcast clouds,1.2,0.0
Eguisheim,2026-05-17 21:00:00,8.8,7.86,82,broken clouds,1.93,0.0
Eguisheim,2026-05-18 00:00:00,8.31,7.71,71,overcast clouds,1.51,0.0
Eguisheim,2026-05-18 03:00:00,9.48,8.46,70,broken clouds,2.16,0.0
Eguisheim,2026-05-18 06:00:00,9.97,8.86,90,light rain,2.4,0.62
Eguisheim,2026-05-18 09:00:00,12.26,11.73,84,light rain,3.51,0.53
Eguisheim,2026-05-18 12:00:00,11.85,11.44,90,light rain,2.24,1.01
Eguisheim,2026-05-18 15:00:00,15.44,14.74,65,light rain,1.64,0.78
Eguisheim,2026-05-18 18:00:00,13.19,12.55,76,light rain,0.93,0.49
Eguisheim,2026-05-18 21:00:00,8.83,7.8,88,overcast clouds,2.03,0.0
Eguisheim,2026-05-19 00:00:00,7.91,7.14,87,overcast clouds,1.61,0.0
Eguisheim,2026-05-19 03:00:00,8.71,8.71,84,overcast clouds,0.87,0.0
Eguisheim,2026-05-19 06:00:00,10.2,9.52,86,light rain,1.26,0.11
Eguisheim,2026-05-19 09:00:00,9.99,9.4,96,light rain,1.75,1.09
Eguisheim,2026-05-19 12:00:00,14.78,14.14,70,light rain,2.96,0.16
Eguisheim,2026-05-19 15:00:00,13.82,13.27,77,overcast clouds,1.71,0.0
Eguisheim,2026-05-19 18:00:00,12.4,11.94,86,overcast clouds,1.56,0.0
Eguisheim,2026-05-19 21:00:00,10.25,9.81,95,light rain,2.2,0.27
Eguisheim,2026-05-20 00:00:00,11.58,11.27,95,overcast clouds,2.28,0.0
Eguisheim,2026-05-20 03:00:00,12.06,11.75,93,overcast clouds,1.64,0.0
Eguisheim,2026-05-20 06:00:00,13.81,13.44,84,overcast clouds,0.61,0.0
Eguisheim,2026-05-20 09:00:00,18.45,17.81,56,light rain,0.26,0.12
Besancon,2026-05-15 12:00:00,10.24,9.54,85,light rain,2.36,1.26
Besancon,2026-05-15 15:00:00,10.56,9.86,84,light rain,2.35,1.22
Besancon,2026-05-15 18:00:00,9.79,9.51,88,light rain,1.41,0.59
Besancon,2026-05-15 21:00:00,6.64,6.64,95,light rain,1.18,0.23
Besancon,2026-05-16 00:00:00,5.16,4.29,96,few clouds,1.38,0.0
Besancon,2026-05-16 03:00:00,2.05,0.69,97,scattered clouds,1.43,0.0
Besancon,2026-05-16 06:00:00,4.91,4.91,97,light rain,1.23,0.14
Besancon,2026-05-16 09:00:00,9.65,9.05,76,light rain,1.7,0.22
Besancon,2026-05-16 12:00:00,14.06,12.75,47,light rain,1.76,0.43
Besancon,2026-05-16 15:00:00,14.67,13.39,46,few clouds,3.23,0.0
Besancon,2026-05-16 18:00:00,10.19,9.51,86,light rain,2.3,0.43
Besancon,2026-05-16 21:00:00,6.9,6.21,94,light rain,1.42,0.14
Besancon,2026-05-17 00:00:00,4.66,4.66,95,broken clouds,1.29,0.0
Besancon,2026-05-17 03:00:00,3.58,3.58,95,clear sky,1.21,0.0
Besancon,2026-05-17 06:00:00,6.95,6.95,91,few clouds,0.79,0.0
Besancon,2026-05-17 09:00:00,12.82,11.75,61,overcast clouds,2.18,0.0
Besancon,2026-05-17 12:00:00,15.54,14.43,49,overcast clouds,3.66,0.0
Besancon,2026-05-17 15:00:00,14.15,13.16,59,overcast clouds,3.19,0.0
Besancon,2026-05-17 18:00:00,12.75,12.04,75,overcast clouds,0.66,0.0
Besancon,2026-05-17 21:00:00,8.29,7.41,83,broken clouds,1.77,0.0
Besancon,2026-05-18 00:00:00,7.73,7.24,79,overcast clouds,1.35,0.0
Besancon,2026-05-18 03:00:00,8.94,8.06,81,light rain,1.88,0.17
Besancon,2026-05-18 06:00:00,10.2,9.76,95,light rain,3.29,0.38
Besancon,2026-05-18 09:00:00,11.61,11.33,96,light rain,3.33,0.67
Besancon,2026-05-18 12:00:00,13.07,12.81,91,moderate rain,3.85,3.57
Besancon,2026-05-18 15:00:00,14.33,13.93,81,light rain,3.33,1.45
Besancon,2026-05-18 18:00:00,12.11,11.7,89,light rain,1.8,1.37
Besancon,2026-05-18 21:00:00,9.32,9.02,93,overcast clouds,1.37,0.0
Besancon,2026-05-19 00:00:00,9.82,9.82,93,overcast clouds,0.98,0.0
Besancon,2026-05-19 03:00:00,9.11,8.61,97,light rain,1.52,0.12
Besancon,2026-05-19 06:00:00,9.41,9.41,97,light rain,1.27,0.19
Besancon,2026-05-19 09:00:00,11.33,10.95,93,light rain,1.65,0.13
Besancon,2026-05-19 12:00:00,16.28,15.53,60,overcast clouds,4.81,0.0
Besancon,2026-05-19 15:00:00,14.92,14.37,73,overcast clouds,3.66,0.0
Besancon,2026-05-19 18:00:00,13.0,12.76,92,light rain,2.37,0.51
Besancon,2026-05-19 21:00:00,10.95,10.61,96,light rain,3.02,0.65
Besancon,2026-05-20 00:00:00,12.19,12.0,97,light rain,2.75,0.66
Besancon,2026-05-20 03:00:00,10.87,10.6,99,light rain,2.33,0.57
Besancon,2026-05-20 06:00:00,11.88,11.71,99,light rain,1.34,0.45
Besancon,2026-05-20 09:00:00,14.62,14.49,90,light rain,1.28,0.18
Dijon,2026-05-15 12:00:00,9.8,7.91,66,light rain,3.68,1.09
Dijon,2026-05-15 15:00:00,10.92,9.82,67,light rain,3.62,0.68
Dijon,2026-05-15 18:00:00,9.27,7.92,76,light rain,2.56,0.72
Dijon,2026-05-15 21:00:00,5.95,3.78,91,light rain,2.82,0.14
Dijon,2026-05-16 00:00:00,5.07,3.4,92,broken clouds,2.05,0.0
Dijon,2026-05-16 03:00:00,5.43,3.7,93,overcast clouds,2.17,0.0
Dijon,2026-05-16 06:00:00,6.33,6.33,90,overcast clouds,1.27,0.0
Dijon,2026-05-16 09:00:00,11.86,10.69,61,few clouds,0.14,0.0
Dijon,2026-05-16 12:00:00,12.73,11.63,60,light rain,1.69,0.74
Dijon,2026-05-16 15:00:00,12.34,11.61,76,light rain,2.76,1.73
Dijon,2026-05-16 18:00:00,10.21,9.61,89,light rain,2.76,1.67
Dijon,2026-05-16 21:00:00,6.31,4.87,89,broken clouds,2.03,0.0
Dijon,2026-05-17 00:00:00,4.75,3.58,87,scattered clouds,1.56,0.0
Dijon,2026-05-17 03:00:00,3.73,3.73,86,few clouds,0.95,0.0
Dijon,2026-05-17 06:00:00,7.27,7.27,85,scattered clouds,0.75,0.0
Dijon,2026-05-17 09:00:00,11.63,10.68,70,overcast clouds,2.28,0.0
Dijon,2026-05-17 12:00:00,13.82,12.88,62,overcast clouds,2.11,0.0
Dijon,2026-05-17 15:00:00,15.39,14.6,62,overcast clouds,2.82,0.0
Dijon,2026-05-17 18:00:00,13.64,13.17,81,overcast clouds,2.45,0.0
Dijon,2026-05-17 21:00:00,9.59,8.73,89,overcast clouds,1.98,0.0
Dijon,2026-05-18 00:00:00,10.51,9.94,89,light rain,2.32,0.24
Dijon,2026-05-18 03:00:00,9.97,9.08,95,light rain,2.1,0.33
Dijon,2026-05-18 06:00:00,10.54,10.16,96,light rain,1.99,0.42
Dijon,2026-05-18 09:00:00,11.63,11.09,86,light rain,3.55,0.23
Dijon,2026-05-18 12:00:00,16.58,15.73,55,light rain,4.37,0.14
Dijon,2026-05-18 15:00:00,16.12,15.35,60,light rain,5.02,0.14
Dijon,2026-05-18 18:00:00,13.12,12.37,72,overcast clouds,3.93,0.0
Dijon,2026-05-18 21:00:00,10.24,9.41,80,overcast clouds,2.3,0.0
Dijon,2026-05-19 00:00:00,9.53,8.69,89,light rain,1.95,0.31
Dijon,2026-05-19 03:00:00,9.21,8.39,94,light rain,1.87,0.19
Dijon,2026-05-19 06:00:00,9.43,9.03,94,light rain,1.47,0.23
Dijon,2026-05-19 09:00:00,14.13,13.58,76,overcast clouds,5.03,0.0
Dijon,2026-05-19 12:00:00,13.39,13.03,86,overcast clouds,3.02,0.0
Dijon,2026-05-19 15:00:00,14.48,14.07,80,overcast clouds,4.07,0.0
Dijon,2026-05-19 18:00:00,13.81,13.6,90,light rain,3.32,0.58
Dijon,2026-05-19 21:00:00,11.24,10.87,94,clear sky,2.88,0.0
Dijon,2026-05-20 00:00:00,10.59,10.19,95,light rain,2.5,0.12
Dijon,2026-05-20 03:00:00,9.7,8.83,96,broken clouds,2.02,0.0
Dijon,2026-05-20 06:00:00,12.43,12.16,93,broken clouds,1.2,0.0
Dijon,2026-05-20 09:00:00,15.31,15.06,83,light rain,1.2,0.18
Annecy,2026-05-15 12:00:00,8.08,8.08,76,light rain,1.33,0.76
Annecy,2026-05-15 15:00:00,8.98,8.25,79,light rain,1.73,0.54
Annecy,2026-05-15 18:00:00,9.57,9.57,88,light rain,1.26,0.72
Annecy,2026-05-15 21:00:00,8.19,8.19,96,light rain,1.24,0.27
Annecy,2026-05-16 00:00:00,7.2,7.2,97,few clouds,1.04,0.0
Annecy,2026-05-16 03:00:00,1.04,1.04,97,clear sky,0.88,0.0
Annecy,2026-05-16 06:00:00,4.67,4.67,96,clear sky,0.44,0.0
Annecy,2026-05-16 09:00:00,10.2,9.1,70,light rain,1.25,0.15
Annecy,2026-05-16 12:00:00,10.51,9.63,77,light rain,1.16,1.05
Annecy,2026-05-16 15:00:00,11.68,10.97,79,light rain,0.78,1.83
Annecy,2026-05-16 18:00:00,9.8,9.8,86,light rain,0.28,0.82
Annecy,2026-05-16 21:00:00,5.17,4.18,92,scattered clouds,1.47,0.0
Annecy,2026-05-17 00:00:00,3.9,2.59,94,few clouds,1.58,0.0
Annecy,2026-05-17 03:00:00,3.04,1.75,94,clear sky,1.47,0.0
Annecy,2026-05-17 06:00:00,6.36,6.36,90,few clouds,0.44,0.0
Annecy,2026-05-17 09:00:00,12.94,11.93,63,overcast clouds,1.26,0.0
Annecy,2026-05-17 12:00:00,16.82,15.71,44,overcast clouds,1.8,0.0
Annecy,2026-05-17 15:00:00,17.22,16.07,41,scattered clouds,2.03,0.0
Annecy,2026-05-17 18:00:00,13.12,12.32,70,scattered clouds,1.22,0.0
Annecy,2026-05-17 21:00:00,8.43,7.51,79,broken clouds,1.84,0.0
Annecy,2026-05-18 00:00:00,7.46,6.57,82,broken clouds,1.66,0.0
Annecy,2026-05-18 03:00:00,7.15,6.35,84,overcast clouds,1.54,0.0
Annecy,2026-05-18 06:00:00,10.68,9.76,75,overcast clouds,0.79,0.0
Annecy,2026-05-18 09:00:00,14.58,13.79,65,light rain,1.46,0.23
Annecy,2026-05-18 12:00:00,15.47,15.03,75,light rain,2.1,1.35
Annecy,2026-05-18 15:00:00,15.54,15.08,74,light rain,1.93,1.73
Annecy,2026-05-18 18:00:00,12.58,12.22,89,light rain,0.53,2.18
Annecy,2026-05-18 21:00:00,10.21,9.69,92,light rain,1.05,0.19
Annecy,2026-05-19 00:00:00,9.66,9.66,93,overcast clouds,1.07,0.0
Annecy,2026-05-19 03:00:00,8.69,8.69,95,overcast clouds,1.23,0.0
Annecy,2026-05-19 06:00:00,10.94,10.52,93,overcast clouds,0.51,0.0
Annecy,2026-05-19 09:00:00,17.17,16.35,54,overcast clouds,0.86,0.0
Annecy,2026-05-19 12:00:00,20.41,19.68,45,broken clouds,1.49,0.0
Annecy,2026-05-19 15:00:00,16.38,16.06,76,overcast clouds,1.24,0.0
Annecy,2026-05-19 18:00:00,12.97,12.75,93,light rain,0.46,0.56
Annecy,2026-05-19 21:00:00,11.31,11.0,96,light rain,0.69,0.14
Annecy,2026-05-20 00:00:00,11.31,10.98,95,broken clouds,0.56,0.0
Annecy,2026-05-20 03:00:00,10.09,9.66,96,broken clouds,1.1,0.0
Annecy,2026-05-20 06:00:00,12.46,12.16,92,broken clouds,0.4,0.0
Annecy,2026-05-20 09:00:00,17.85,17.31,62,scattered clouds,2.08,0.0
Grenoble,2026-05-15 12:00:00,8.76,7.85,98,light rain,1.89,0.54
Grenoble,2026-05-15 15:00:00,9.81,8.75,95,light rain,2.29,0.78
Grenoble,2026-05-15 18:00:00,10.65,10.25,95,light rain,1.96,0.68
Grenoble,2026-05-15 21:00:00,9.67,9.22,97,light rain,1.55,0.23
Grenoble,2026-05-16 00:00:00,11.06,10.81,99,broken clouds,1.42,0.0
Grenoble,2026-05-16 03:00:00,4.65,3.5,98,broken clouds,1.54,0.0
Grenoble,2026-05-16 06:00:00,6.42,5.47,94,broken clouds,1.58,0.0
Grenoble,2026-05-16 09:00:00,9.25,8.2,85,light rain,2.14,0.23
Grenoble,2026-05-16 12:00:00,11.27,10.33,72,light rain,2.57,0.24
Grenoble,2026-05-16 15:00:00,12.7,11.62,61,light rain,2.31,0.17
Grenoble,2026-05-16 18:00:00,11.73,10.86,73,overcast clouds,2.0,0.0
Grenoble,2026-05-16 21:00:00,7.69,7.09,94,overcast clouds,1.44,0.0
Grenoble,2026-05-17 00:00:00,5.99,5.99,93,scattered clouds,1.01,0.0
Grenoble,2026-05-17 03:00:00,5.14,5.14,92,clear sky,0.85,0.0
Grenoble,2026-05-17 06:00:00,8.79,8.79,80,scattered clouds,0.27,0.0
Grenoble,2026-05-17 09:00:00,15.21,14.2,54,overcast clouds,1.71,0.0
Grenoble,2026-05-17 12:00:00,19.06,18.17,44,broken clouds,2.03,0.0
Grenoble,2026-05-17 15:00:00,18.96,18.14,47,scattered clouds,3.01,0.0
Grenoble,2026-05-17 18:00:00,14.72,14.1,71,broken clouds,1.08,0.0
Grenoble,2026-05-17 21:00:00,11.72,11.06,81,overcast clouds,1.07,0.0
Grenoble,2026-05-18 00:00:00,9.35,8.75,93,broken clouds,1.65,0.0
Grenoble,2026-05-18 03:00:00,8.81,8.31,93,overcast clouds,1.48,0.0
Grenoble,2026-05-18 06:00:00,12.41,11.72,77,broken clouds,1.13,0.0
Grenoble,2026-05-18 09:00:00,18.8,18.07,51,overcast clouds,1.2,0.0
Grenoble,2026-05-18 12:00:00,18.68,18.17,60,light rain,1.81,0.99
Grenoble,2026-05-18 15:00:00,18.95,18.42,58,light rain,1.02,1.32
Grenoble,2026-05-18 18:00:00,15.08,14.81,83,light rain,1.21,1.68
Grenoble,2026-05-18 21:00:00,11.99,11.59,90,light rain,0.89,0.23
Grenoble,2026-05-19 00:00:00,10.25,9.76,93,broken clouds,0.73,0.0
Grenoble,2026-05-19 03:00:00,10.34,9.86,93,overcast clouds,1.01,0.0
Grenoble,2026-05-19 06:00:00,13.17,12.87,89,overcast clouds,0.74,0.0
Grenoble,2026-05-19 09:00:00,18.81,18.05,50,overcast clouds,1.92,0.0
Grenoble,2026-05-19 12:00:00,21.93,21.3,43,broken clouds,2.44,0.0
Grenoble,2026-05-19 15:00:00,19.8,19.27,55,broken clouds,2.52,0.0
Grenoble,2026-05-19 18:00:00,16.73,16.5,78,broken clouds,1.37,0.0
Grenoble,2026-05-19 21:00:00,13.87,13.58,87,broken clouds,1.75,0.0
Grenoble,2026-05-20 00:00:00,10.88,10.56,97,scattered clouds,1.45,0.0
Grenoble,2026-05-20 03:00:00,11.01,10.7,97,broken clouds,1.65,0.0
Grenoble,2026-05-20 06:00:00,14.36,14.04,84,overcast clouds,2.13,0.0
Grenoble,2026-05-20 09:00:00,19.36,18.92,60,scattered clouds,2.83,0.0
Lyon,2026-05-15 12:00:00,10.23,9.19,72,light rain,3.06,1.6
Lyon,2026-05-15 15:00:00,11.12,10.06,68,light rain,3.64,0.96
Lyon,2026-05-15 18:00:00,10.58,9.89,84,light rain,4.02,1.79
Lyon,2026-05-15 21:00:00,7.96,6.77,92,light rain,2.05,0.36
Lyon,2026-05-16 00:00:00,8.82,7.97,92,few clouds,1.83,0.0
Lyon,2026-05-16 03:00:00,4.97,4.97,94,scattered clouds,1.28,0.0
Lyon,2026-05-16 06:00:00,6.78,6.78,93,light rain,0.48,0.15
Lyon,2026-05-16 09:00:00,7.23,7.23,95,light rain,0.49,0.91
Lyon,2026-05-16 12:00:00,12.62,11.74,69,light rain,1.7,0.36
Lyon,2026-05-16 15:00:00,14.1,13.08,58,light rain,3.63,0.45
Lyon,2026-05-16 18:00:00,12.78,11.97,71,scattered clouds,1.56,0.0
Lyon,2026-05-16 21:00:00,8.74,8.07,78,clear sky,1.63,0.0
Lyon,2026-05-17 00:00:00,7.22,7.22,80,clear sky,1.29,0.0
Lyon,2026-05-17 03:00:00,6.01,6.01,83,few clouds,0.9,0.0
Lyon,2026-05-17 06:00:00,8.08,8.08,75,scattered clouds,0.04,0.0
Lyon,2026-05-17 09:00:00,13.33,12.21,57,overcast clouds,1.31,0.0
Lyon,2026-05-17 12:00:00,16.81,15.85,50,overcast clouds,1.87,0.0
Lyon,2026-05-17 15:00:00,18.18,17.33,49,broken clouds,0.72,0.0
Lyon,2026-05-17 18:00:00,16.02,15.43,67,broken clouds,1.38,0.0
Lyon,2026-05-17 21:00:00,11.99,11.2,75,broken clouds,1.99,0.0
Lyon,2026-05-18 00:00:00,11.24,10.51,80,overcast clouds,1.15,0.0
Lyon,2026-05-18 03:00:00,10.24,9.59,87,light rain,0.9,0.16
Lyon,2026-05-18 06:00:00,11.26,10.66,85,overcast clouds,0.5,0.0
Lyon,2026-05-18 09:00:00,16.55,15.85,61,light rain,0.87,0.16
Lyon,2026-05-18 12:00:00,17.96,17.35,59,light rain,3.5,0.93
Lyon,2026-05-18 15:00:00,17.49,17.23,74,light rain,2.01,2.18
Lyon,2026-05-18 18:00:00,14.98,14.6,79,light rain,1.43,0.73
Lyon,2026-05-18 21:00:00,12.56,12.04,83,overcast clouds,1.92,0.0
Lyon,2026-05-19 00:00:00,12.17,11.58,82,overcast clouds,1.5,0.0
Lyon,2026-05-19 03:00:00,10.74,10.14,87,overcast clouds,0.9,0.0
Lyon,2026-05-19 06:00:00,12.11,11.52,82,overcast clouds,0.72,0.0
Lyon,2026-05-19 09:00:00,17.85,17.18,57,scattered clouds,1.47,0.0
Lyon,2026-05-19 12:00:00,19.88,19.23,50,scattered clouds,1.46,0.0
Lyon,2026-05-19 15:00:00,18.78,18.23,58,overcast clouds,2.06,0.0
Lyon,2026-05-19 18:00:00,16.32,15.94,74,overcast clouds,1.5,0.0
Lyon,2026-05-19 21:00:00,13.11,12.72,86,scattered clouds,1.17,0.0
Lyon,2026-05-20 00:00:00,12.01,11.56,88,scattered clouds,1.18,0.0
Lyon,2026-05-20 03:00:00,12.77,12.27,83,overcast clouds,0.75,0.0
Lyon,2026-05-20 06:00:00,14.07,13.65,81,overcast clouds,1.24,0.0
Lyon,2026-05-20 09:00:00,18.14,17.71,65,few clouds,3.47,0.0
Gorges Du Verdon,2026-05-15 12:00:00,12.2,10.73,48,broken clouds,5.34,0.0
Gorges Du Verdon,2026-05-15 15:00:00,12.2,10.76,49,light rain,5.63,0.32
Gorges Du Verdon,2026-05-15 18:00:00,10.35,8.82,53,broken clouds,5.07,0.0
Gorges Du Verdon,2026-05-15 21:00:00,7.96,5.79,82,scattered clouds,3.45,0.0
Gorges Du Verdon,2026-05-16 00:00:00,6.36,3.6,84,few clouds,3.88,0.0
Gorges Du Verdon,2026-05-16 03:00:00,0.53,-3.12,86,clear sky,3.31,0.0
Gorges Du Verdon,2026-05-16 06:00:00,3.65,-0.2,70,clear sky,4.71,0.0
Gorges Du Verdon,2026-05-16 09:00:00,9.69,7.13,41,clear sky,5.18,0.0
Gorges Du Verdon,2026-05-16 12:00:00,13.81,12.03,30,clear sky,5.68,0.0
Gorges Du Verdon,2026-05-16 15:00:00,14.04,12.36,33,clear sky,5.74,0.0
Gorges Du Verdon,2026-05-16 18:00:00,10.11,8.51,51,few clouds,3.66,0.0
Gorges Du Verdon,2026-05-16 21:00:00,5.21,3.19,70,clear sky,2.45,0.0
Gorges Du Verdon,2026-05-17 00:00:00,4.61,2.73,71,clear sky,2.18,0.0
Gorges Du Verdon,2026-05-17 03:00:00,4.76,2.89,72,clear sky,2.2,0.0
Gorges Du Verdon,2026-05-17 06:00:00,10.22,8.63,51,clear sky,0.8,0.0
Gorges Du Verdon,2026-05-17 09:00:00,14.65,13.06,34,few clouds,2.5,0.0
Gorges Du Verdon,2026-05-17 12:00:00,16.5,15.07,33,broken clouds,3.86,0.0
Gorges Du Verdon,2026-05-17 15:00:00,14.36,12.9,40,overcast clouds,2.99,0.0
Gorges Du Verdon,2026-05-17 18:00:00,11.57,10.17,53,overcast clouds,2.2,0.0
Gorges Du Verdon,2026-05-17 21:00:00,6.75,6.75,72,scattered clouds,0.48,0.0
Gorges Du Verdon,2026-05-18 00:00:00,6.19,5.38,82,scattered clouds,1.44,0.0
Gorges Du Verdon,2026-05-18 03:00:00,6.25,4.88,80,overcast clouds,1.94,0.0
Gorges Du Verdon,2026-05-18 06:00:00,10.63,9.32,60,overcast clouds,0.78,0.0
Gorges Du Verdon,2026-05-18 09:00:00,15.25,13.95,43,scattered clouds,3.05,0.0
Gorges Du Verdon,2026-05-18 12:00:00,17.4,16.11,35,broken clouds,5.75,0.0
Gorges Du Verdon,2026-05-18 15:00:00,16.67,15.44,40,scattered clouds,7.37,0.0
Gorges Du Verdon,2026-05-18 18:00:00,13.31,12.24,59,broken clouds,6.6,0.0
Gorges Du Verdon,2026-05-18 21:00:00,8.25,6.3,90,overcast clouds,3.18,0.0
Gorges Du Verdon,2026-05-19 00:00:00,7.88,6.18,93,overcast clouds,2.68,0.0
Gorges Du Verdon,2026-05-19 03:00:00,7.46,5.88,82,overcast clouds,2.42,0.0
Gorges Du Verdon,2026-05-19 06:00:00,10.49,9.24,63,overcast clouds,2.33,0.0
Gorges Du Verdon,2026-05-19 09:00:00,15.26,13.96,43,overcast clouds,3.78,0.0
Gorges Du Verdon,2026-05-19 12:00:00,18.81,17.69,36,broken clouds,4.29,0.0
Gorges Du Verdon,2026-05-19 15:00:00,20.4,19.41,35,few clouds,4.3,0.0
Gorges Du Verdon,2026-05-19 18:00:00,16.33,15.4,53,few clouds,4.13,0.0
Gorges Du Verdon,2026-05-19 21:00:00,9.92,9.33,76,clear sky,1.73,0.0
Gorges Du Verdon,2026-05-20 00:00:00,9.5,8.2,79,scattered clouds,2.54,0.0
Gorges Du Verdon,2026-05-20 03:00:00,7.97,6.71,81,broken clouds,2.13,0.0
Gorges Du Verdon,2026-05-20 06:00:00,13.26,12.18,59,scattered clouds,0.73,0.0
Gorges Du Verdon,2026-05-20 09:00:00,19.3,18.41,43,few clouds,2.36,0.0
Bormes Les Mimosas,2026-05-15 12:00:00,16.16,15.14,50,clear sky,9.04,0.0
Bormes Les Mimosas,2026-05-15 15:00:00,16.27,15.21,48,scattered clouds,8.86,0.0
Bormes Les Mimosas,2026-05-15 18:00:00,14.85,13.7,50,broken clouds,8.64,0.0
Bormes Les Mimosas,2026-05-15 21:00:00,12.7,11.44,54,overcast clouds,10.58,0.0
Bormes Les Mimosas,2026-05-16 00:00:00,10.9,9.48,55,scattered clouds,10.35,0.0
Bormes Les Mimosas,2026-05-16 03:00:00,10.65,9.05,49,clear sky,9.39,0.0
Bormes Les Mimosas,2026-05-16 06:00:00,11.23,9.77,52,clear sky,11.52,0.0
Bormes Les Mimosas,2026-05-16 09:00:00,15.11,13.8,43,clear sky,11.74,0.0
Bormes Les Mimosas,2026-05-16 12:00:00,17.64,16.45,38,clear sky,11.36,0.0
Bormes Les Mimosas,2026-05-16 15:00:00,17.9,16.69,36,clear sky,11.03,0.0
Bormes Les Mimosas,2026-05-16 18:00:00,15.49,14.27,45,clear sky,9.63,0.0
Bormes Les Mimosas,2026-05-16 21:00:00,13.68,12.33,47,clear sky,7.41,0.0
Bormes Les Mimosas,2026-05-17 00:00:00,11.29,9.88,54,clear sky,3.68,0.0
Bormes Les Mimosas,2026-05-17 03:00:00,9.44,7.83,62,clear sky,3.01,0.0
Bormes Les Mimosas,2026-05-17 06:00:00,12.13,10.86,56,clear sky,3.3,0.0
Bormes Les Mimosas,2026-05-17 09:00:00,17.28,16.42,52,clear sky,2.94,0.0
Bormes Les Mimosas,2026-05-17 12:00:00,17.33,16.37,48,scattered clouds,2.31,0.0
Bormes Les Mimosas,2026-05-17 15:00:00,17.53,16.59,48,broken clouds,1.9,0.0
Bormes Les Mimosas,2026-05-17 18:00:00,15.55,14.78,62,scattered clouds,2.13,0.0
Bormes Les Mimosas,2026-05-17 21:00:00,13.2,12.53,75,few clouds,2.8,0.0
Bormes Les Mimosas,2026-05-18 00:00:00,12.29,11.59,77,scattered clouds,2.41,0.0
Bormes Les Mimosas,2026-05-18 03:00:00,11.9,11.23,80,broken clouds,1.74,0.0
Bormes Les Mimosas,2026-05-18 06:00:00,14.02,13.31,70,overcast clouds,1.27,0.0
Bormes Les Mimosas,2026-05-18 09:00:00,18.17,17.48,55,scattered clouds,2.59,0.0
Bormes Les Mimosas,2026-05-18 12:00:00,19.87,19.19,49,broken clouds,7.48,0.0
Bormes Les Mimosas,2026-05-18 15:00:00,20.19,19.54,49,broken clouds,9.4,0.0
Bormes Les Mimosas,2026-05-18 18:00:00,17.34,16.72,61,broken clouds,7.34,0.0
Bormes Les Mimosas,2026-05-18 21:00:00,15.71,15.14,69,overcast clouds,5.84,0.0
Bormes Les Mimosas,2026-05-19 00:00:00,14.27,13.87,81,broken clouds,4.67,0.0
Bormes Les Mimosas,2026-05-19 03:00:00,13.39,13.11,89,scattered clouds,3.31,0.0
Bormes Les Mimosas,2026-05-19 06:00:00,15.45,14.83,68,scattered clouds,1.84,0.0
Bormes Les Mimosas,2026-05-19 09:00:00,20.07,19.2,41,overcast clouds,5.38,0.0
Bormes Les Mimosas,2026-05-19 12:00:00,21.96,21.26,40,broken clouds,7.58,0.0
Bormes Les Mimosas,2026-05-19 15:00:00,21.99,21.45,46,clear sky,5.18,0.0
Bormes Les Mimosas,2026-05-19 18:00:00,19.67,19.18,57,clear sky,4.16,0.0
Bormes Les Mimosas,2026-05-19 21:00:00,16.59,16.13,70,clear sky,2.95,0.0
Bormes Les Mimosas,2026-05-20 00:00:00,15.63,15.05,69,clear sky,2.42,0.0
Bormes Les Mimosas,2026-05-20 03:00:00,13.06,12.41,76,scattered clouds,2.47,0.0
Bormes Les Mimosas,2026-05-20 06:00:00,15.14,14.43,66,few clouds,2.37,0.0
Bormes Les Mimosas,2026-05-20 09:00:00,20.58,20.03,51,clear sky,0.92,0.0
Cassis,2026-05-15 12:00:00,15.98,14.99,52,overcast clouds,7.84,0.0
Cassis,2026-05-15 15:00:00,16.16,15.14,50,overcast clouds,10.4,0.0
Cassis,2026-05-15 18:00:00,14.37,13.25,53,overcast clouds,12.88,0.0
Cassis,2026-05-15 21:00:00,12.77,11.62,58,scattered clouds,13.91,0.0
Cassis,2026-05-16 00:00:00,11.26,9.93,57,few clouds,14.33,0.0
Cassis,2026-05-16 03:00:00,11.13,9.84,59,clear sky,13.81,0.0
Cassis,2026-05-16 06:00:00,11.29,10.04,60,clear sky,13.41,0.0
Cassis,2026-05-16 09:00:00,13.75,12.56,53,clear sky,13.48,0.0
Cassis,2026-05-16 12:00:00,15.58,14.42,47,clear sky,12.85,0.0
Cassis,2026-05-16 15:00:00,17.21,16.08,42,clear sky,10.58,0.0
Cassis,2026-05-16 18:00:00,16.31,15.25,48,clear sky,9.93,0.0
Cassis,2026-05-16 21:00:00,15.14,14.02,50,clear sky,8.97,0.0
Cassis,2026-05-17 00:00:00,13.75,12.62,55,clear sky,8.8,0.0
Cassis,2026-05-17 03:00:00,11.88,10.74,62,clear sky,6.22,0.0
Cassis,2026-05-17 06:00:00,12.76,11.5,54,clear sky,4.3,0.0
Cassis,2026-05-17 09:00:00,16.25,15.11,45,scattered clouds,4.32,0.0
Cassis,2026-05-17 12:00:00,17.84,16.83,44,broken clouds,4.98,0.0
Cassis,2026-05-17 15:00:00,17.93,17.03,48,scattered clouds,6.43,0.0
Cassis,2026-05-17 18:00:00,16.67,16.06,64,few clouds,5.76,0.0
Cassis,2026-05-17 21:00:00,15.77,15.39,76,few clouds,3.89,0.0
Cassis,2026-05-18 00:00:00,15.43,15.01,76,broken clouds,0.82,0.0
Cassis,2026-05-18 03:00:00,15.35,14.79,71,overcast clouds,0.91,0.0
Cassis,2026-05-18 06:00:00,15.95,15.4,69,broken clouds,1.21,0.0
Cassis,2026-05-18 09:00:00,17.56,16.94,60,broken clouds,3.36,0.0
Cassis,2026-05-18 12:00:00,18.32,17.72,58,broken clouds,5.9,0.0
Cassis,2026-05-18 15:00:00,18.17,17.64,61,overcast clouds,6.18,0.0
Cassis,2026-05-18 18:00:00,17.1,16.64,68,overcast clouds,5.56,0.0
Cassis,2026-05-18 21:00:00,16.23,15.95,78,broken clouds,3.71,0.0
Cassis,2026-05-19 00:00:00,16.12,15.95,83,broken clouds,4.24,0.0
Cassis,2026-05-19 03:00:00,15.26,14.77,74,overcast clouds,3.17,0.0
Cassis,2026-05-19 06:00:00,15.94,15.31,66,overcast clouds,4.48,0.0
Cassis,2026-05-19 09:00:00,18.51,17.7,49,overcast clouds,7.58,0.0
Cassis,2026-05-19 12:00:00,20.05,19.42,50,broken clouds,8.09,0.0
Cassis,2026-05-19 15:00:00,21.34,20.91,53,clear sky,8.02,0.0
Cassis,2026-05-19 18:00:00,19.74,19.44,64,clear sky,7.58,0.0
Cassis,2026-05-19 21:00:00,19.81,19.26,54,clear sky,7.64,0.0
Cassis,2026-05-20 00:00:00,18.47,17.89,58,clear sky,8.48,0.0
Cassis,2026-05-20 03:00:00,16.59,16.03,66,scattered clouds,7.0,0.0
Cassis,2026-05-20 06:00:00,16.49,15.92,66,few clouds,4.27,0.0
Cassis,2026-05-20 09:00:00,19.94,19.35,52,clear sky,3.89,0.0
Marseille,2026-05-15 12:00:00,15.33,14.33,54,overcast clouds,7.22,0.0
Marseille,2026-05-15 15:00:00,15.69,14.67,52,overcast clouds,10.46,0.0
Marseille,2026-05-15 18:00:00,14.4,13.25,52,overcast clouds,12.11,0.0
Marseille,2026-05-15 21:00:00,12.93,11.79,58,scattered clouds,13.22,0.0
Marseille,2026-05-16 00:00:00,11.26,9.93,57,few clouds,13.9,0.0
Marseille,2026-05-16 03:00:00,11.97,10.76,59,clear sky,13.28,0.0
Marseille,2026-05-16 06:00:00,12.07,10.87,59,clear sky,12.48,0.0
Marseille,2026-05-16 09:00:00,14.51,13.4,53,clear sky,12.75,0.0
Marseille,2026-05-16 12:00:00,16.3,15.19,46,clear sky,12.29,0.0
Marseille,2026-05-16 15:00:00,18.25,17.2,41,clear sky,10.22,0.0
Marseille,2026-05-16 18:00:00,17.36,16.38,47,clear sky,9.71,0.0
Marseille,2026-05-16 21:00:00,16.24,15.17,48,clear sky,8.56,0.0
Marseille,2026-05-17 00:00:00,14.95,13.88,53,clear sky,9.43,0.0
Marseille,2026-05-17 03:00:00,13.07,12.05,62,clear sky,7.03,0.0
Marseille,2026-05-17 06:00:00,12.69,11.56,59,clear sky,5.35,0.0
Marseille,2026-05-17 09:00:00,16.06,14.95,47,broken clouds,5.1,0.0
Marseille,2026-05-17 12:00:00,18.88,17.89,41,broken clouds,4.5,0.0
Marseille,2026-05-17 15:00:00,19.08,18.24,46,few clouds,6.77,0.0
Marseille,2026-05-17 18:00:00,18.04,17.52,62,few clouds,5.95,0.0
Marseille,2026-05-17 21:00:00,17.32,16.99,72,few clouds,3.95,0.0
Marseille,2026-05-18 00:00:00,17.13,16.78,72,light rain,0.27,0.11
Marseille,2026-05-18 03:00:00,16.94,16.54,71,overcast clouds,0.7,0.0
Marseille,2026-05-18 06:00:00,16.59,16.08,68,overcast clouds,1.35,0.0
Marseille,2026-05-18 09:00:00,18.39,17.83,59,broken clouds,2.99,0.0
Marseille,2026-05-18 12:00:00,19.44,18.9,56,overcast clouds,5.84,0.0
Marseille,2026-05-18 15:00:00,19.31,18.84,59,overcast clouds,6.38,0.0
Marseille,2026-05-18 18:00:00,18.45,18.05,65,overcast clouds,5.56,0.0
Marseille,2026-05-18 21:00:00,17.82,17.64,76,broken clouds,4.13,0.0
Marseille,2026-05-19 00:00:00,17.62,17.47,78,broken clouds,4.42,0.0
Marseille,2026-05-19 03:00:00,16.47,15.97,69,overcast clouds,3.01,0.0
Marseille,2026-05-19 06:00:00,16.58,15.96,64,overcast clouds,4.8,0.0
Marseille,2026-05-19 09:00:00,19.09,18.33,49,overcast clouds,6.99,0.0
Marseille,2026-05-19 12:00:00,20.98,20.41,49,broken clouds,7.16,0.0
Marseille,2026-05-19 15:00:00,22.13,21.76,52,clear sky,7.43,0.0
Marseille,2026-05-19 18:00:00,20.9,20.66,62,clear sky,6.87,0.0
Marseille,2026-05-19 21:00:00,21.19,20.75,53,clear sky,7.96,0.0
Marseille,2026-05-20 00:00:00,19.69,19.18,56,clear sky,9.53,0.0
Marseille,2026-05-20 03:00:00,17.75,17.28,65,scattered clouds,8.15,0.0
Marseille,2026-05-20 06:00:00,16.9,16.37,66,few clouds,5.52,0.0
Marseille,2026-05-20 09:00:00,20.17,19.63,53,clear sky,4.73,0.0
Aix En Provence,2026-05-15 12:00:00,15.06,14.06,55,overcast clouds,6.19,0.0
Aix En Provence,2026-05-15 15:00:00,15.1,14.0,51,broken clouds,8.69,0.0
Aix En Provence,2026-05-15 18:00:00,13.47,12.2,51,broken clouds,8.67,0.0
Aix En Provence,2026-05-15 21:00:00,10.75,9.42,59,clear sky,8.86,0.0
Aix En Provence,2026-05-16 00:00:00,8.91,4.74,59,clear sky,10.11,0.0
Aix En Provence,2026-05-16 03:00:00,9.29,5.62,60,clear sky,8.51,0.0
Aix En Provence,2026-05-16 06:00:00,9.98,6.55,59,clear sky,8.39,0.0
Aix En Provence,2026-05-16 09:00:00,12.78,11.52,54,clear sky,10.83,0.0
Aix En Provence,2026-05-16 12:00:00,15.61,14.3,41,clear sky,10.45,0.0
Aix En Provence,2026-05-16 15:00:00,16.56,15.26,38,clear sky,10.04,0.0
Aix En Provence,2026-05-16 18:00:00,15.07,13.81,45,clear sky,7.87,0.0
Aix En Provence,2026-05-16 21:00:00,13.71,12.21,41,clear sky,6.35,0.0
Aix En Provence,2026-05-17 00:00:00,11.51,10.13,54,clear sky,3.6,0.0
Aix En Provence,2026-05-17 03:00:00,9.51,9.05,65,clear sky,1.54,0.0
Aix En Provence,2026-05-17 06:00:00,10.99,9.55,54,clear sky,1.44,0.0
Aix En Provence,2026-05-17 09:00:00,16.87,15.58,37,broken clouds,1.65,0.0
Aix En Provence,2026-05-17 12:00:00,20.11,18.93,29,broken clouds,3.67,0.0
Aix En Provence,2026-05-17 15:00:00,21.43,20.26,24,clear sky,4.72,0.0
Aix En Provence,2026-05-17 18:00:00,18.47,17.57,46,clear sky,4.91,0.0
Aix En Provence,2026-05-17 21:00:00,15.47,14.85,68,few clouds,2.69,0.0
Aix En Provence,2026-05-18 00:00:00,14.73,14.24,76,broken clouds,0.54,0.0
Aix En Provence,2026-05-18 03:00:00,14.03,13.45,75,overcast clouds,1.09,0.0
Aix En Provence,2026-05-18 06:00:00,14.96,14.29,68,broken clouds,0.84,0.0
Aix En Provence,2026-05-18 09:00:00,19.36,18.58,47,broken clouds,2.08,0.0
Aix En Provence,2026-05-18 12:00:00,22.08,21.23,34,overcast clouds,4.88,0.0
Aix En Provence,2026-05-18 15:00:00,21.5,20.7,38,broken clouds,6.47,0.0
Aix En Provence,2026-05-18 18:00:00,18.67,17.92,51,overcast clouds,5.01,0.0
Aix En Provence,2026-05-18 21:00:00,16.37,15.92,71,broken clouds,2.76,0.0
Aix En Provence,2026-05-19 00:00:00,15.2,14.84,79,broken clouds,2.0,0.0
Aix En Provence,2026-05-19 03:00:00,13.91,13.37,77,overcast clouds,1.41,0.0
Aix En Provence,2026-05-19 06:00:00,14.95,14.17,64,overcast clouds,2.27,0.0
Aix En Provence,2026-05-19 09:00:00,19.97,18.91,34,overcast clouds,6.11,0.0
Aix En Provence,2026-05-19 12:00:00,22.89,22.04,31,broken clouds,7.07,0.0
Aix En Provence,2026-05-19 15:00:00,24.31,23.71,35,clear sky,7.76,0.0
Aix En Provence,2026-05-19 18:00:00,22.11,21.53,44,clear sky,5.54,0.0
Aix En Provence,2026-05-19 21:00:00,19.53,18.84,50,clear sky,5.65,0.0
Aix En Provence,2026-05-20 00:00:00,17.19,16.45,57,clear sky,5.34,0.0
Aix En Provence,2026-05-20 03:00:00,14.44,13.82,72,broken clouds,2.44,0.0
Aix En Provence,2026-05-20 06:00:00,15.15,14.42,65,scattered clouds,1.96,0.0
Aix En Provence,2026-05-20 09:00:00,21.34,20.63,42,clear sky,2.35,0.0
Avignon,2026-05-15 12:00:00,14.1,13.32,67,overcast clouds,7.88,0.0
Avignon,2026-05-15 15:00:00,14.96,14.08,60,broken clouds,9.81,0.0
Avignon,2026-05-15 18:00:00,14.25,13.27,59,scattered clouds,6.43,0.0
Avignon,2026-05-15 21:00:00,12.07,10.95,62,clear sky,4.8,0.0
Avignon,2026-05-16 00:00:00,10.89,9.5,56,clear sky,6.91,0.0
Avignon,2026-05-16 03:00:00,8.57,5.82,64,clear sky,4.96,0.0
Avignon,2026-05-16 06:00:00,9.99,7.75,64,scattered clouds,4.56,0.0
Avignon,2026-05-16 09:00:00,14.29,13.13,52,few clouds,8.96,0.0
Avignon,2026-05-16 12:00:00,16.75,15.63,44,scattered clouds,8.29,0.0
Avignon,2026-05-16 15:00:00,18.01,16.91,40,clear sky,7.16,0.0
Avignon,2026-05-16 18:00:00,15.36,14.31,52,clear sky,6.5,0.0
Avignon,2026-05-16 21:00:00,11.69,10.46,59,clear sky,4.09,0.0
Avignon,2026-05-17 00:00:00,10.48,9.31,66,clear sky,4.66,0.0
Avignon,2026-05-17 03:00:00,8.69,6.08,70,clear sky,4.7,0.0
Avignon,2026-05-17 06:00:00,10.68,9.5,65,scattered clouds,5.36,0.0
Avignon,2026-05-17 09:00:00,16.39,15.29,46,overcast clouds,6.88,0.0
Avignon,2026-05-17 12:00:00,20.08,19.06,35,broken clouds,4.72,0.0
Avignon,2026-05-17 15:00:00,21.94,21.05,33,clear sky,3.56,0.0
Avignon,2026-05-17 18:00:00,18.53,17.85,54,scattered clouds,1.94,0.0
Avignon,2026-05-17 21:00:00,13.53,12.95,77,broken clouds,1.72,0.0
Avignon,2026-05-18 00:00:00,12.65,12.14,83,broken clouds,0.86,0.0
Avignon,2026-05-18 03:00:00,11.25,10.7,87,overcast clouds,1.63,0.0
Avignon,2026-05-18 06:00:00,13.14,12.42,73,broken clouds,1.73,0.0
Avignon,2026-05-18 09:00:00,18.06,17.36,55,overcast clouds,2.07,0.0
Avignon,2026-05-18 12:00:00,22.84,22.17,38,overcast clouds,2.7,0.0
Avignon,2026-05-18 15:00:00,22.87,22.23,39,broken clouds,6.44,0.0
Avignon,2026-05-18 18:00:00,18.88,18.36,59,broken clouds,5.96,0.0
Avignon,2026-05-18 21:00:00,14.92,14.14,64,broken clouds,2.03,0.0
Avignon,2026-05-19 00:00:00,13.74,12.92,67,broken clouds,2.04,0.0
Avignon,2026-05-19 03:00:00,12.26,11.29,67,broken clouds,2.52,0.0
Avignon,2026-05-19 06:00:00,14.03,13.21,66,overcast clouds,2.74,0.0
Avignon,2026-05-19 09:00:00,20.16,19.41,45,overcast clouds,4.41,0.0
Avignon,2026-05-19 12:00:00,23.71,23.13,38,scattered clouds,4.66,0.0
Avignon,2026-05-19 15:00:00,25.58,25.16,37,clear sky,5.84,0.0
Avignon,2026-05-19 18:00:00,20.78,20.35,55,scattered clouds,6.62,0.0
Avignon,2026-05-19 21:00:00,18.11,17.49,58,few clouds,5.3,0.0
Avignon,2026-05-20 00:00:00,16.7,16.1,64,clear sky,6.78,0.0
Avignon,2026-05-20 03:00:00,15.69,15.09,68,clear sky,9.11,0.0
Avignon,2026-05-20 06:00:00,16.31,15.77,68,clear sky,9.97,0.0
Avignon,2026-05-20 09:00:00,20.51,20.05,55,clear sky,10.66,0.0
Uzes,2026-05-15 12:00:00,13.45,12.37,58,light rain,4.98,0.7
Uzes,2026-05-15 15:00:00,14.38,13.26,53,light rain,7.42,0.24
Uzes,2026-05-15 18:00:00,13.85,12.65,52,broken clouds,7.06,0.0
Uzes,2026-05-15 21:00:00,11.13,9.92,62,clear sky,4.15,0.0
Uzes,2026-05-16 00:00:00,9.7,7.34,67,clear sky,4.67,0.0
Uzes,2026-05-16 03:00:00,7.64,4.54,66,scattered clouds,5.23,0.0
Uzes,2026-05-16 06:00:00,10.13,8.84,63,scattered clouds,4.23,0.0
Uzes,2026-05-16 09:00:00,14.76,13.52,47,few clouds,6.03,0.0
Uzes,2026-05-16 12:00:00,16.77,15.57,41,scattered clouds,6.01,0.0
Uzes,2026-05-16 15:00:00,17.61,16.44,39,broken clouds,5.05,0.0
Uzes,2026-05-16 18:00:00,15.07,14.09,56,broken clouds,3.7,0.0
Uzes,2026-05-16 21:00:00,9.73,8.52,70,clear sky,2.48,0.0
Uzes,2026-05-17 00:00:00,8.39,6.51,69,clear sky,3.11,0.0
Uzes,2026-05-17 03:00:00,7.32,5.12,70,few clouds,3.27,0.0
Uzes,2026-05-17 06:00:00,10.18,8.92,64,broken clouds,2.79,0.0
Uzes,2026-05-17 09:00:00,16.62,15.49,44,scattered clouds,4.35,0.0
Uzes,2026-05-17 12:00:00,20.16,19.25,39,few clouds,2.6,0.0
Uzes,2026-05-17 15:00:00,18.94,18.25,52,scattered clouds,3.96,0.0
Uzes,2026-05-17 18:00:00,17.95,17.37,60,broken clouds,2.73,0.0
Uzes,2026-05-17 21:00:00,12.6,11.98,79,few clouds,0.57,0.0
Uzes,2026-05-18 00:00:00,11.05,10.43,85,scattered clouds,1.62,0.0
Uzes,2026-05-18 03:00:00,9.93,9.36,87,scattered clouds,1.71,0.0
Uzes,2026-05-18 06:00:00,12.59,11.86,75,scattered clouds,1.48,0.0
Uzes,2026-05-18 09:00:00,18.09,17.36,54,overcast clouds,1.97,0.0
Uzes,2026-05-18 12:00:00,22.04,21.32,39,broken clouds,3.73,0.0
Uzes,2026-05-18 15:00:00,22.3,21.68,42,overcast clouds,5.62,0.0
Uzes,2026-05-18 18:00:00,18.43,17.79,56,overcast clouds,4.32,0.0
Uzes,2026-05-18 21:00:00,14.48,13.5,58,overcast clouds,3.43,0.0
Uzes,2026-05-19 00:00:00,12.45,11.4,63,overcast clouds,2.19,0.0
Uzes,2026-05-19 03:00:00,11.35,10.26,66,broken clouds,2.38,0.0
Uzes,2026-05-19 06:00:00,13.89,12.98,63,overcast clouds,2.03,0.0
Uzes,2026-05-19 09:00:00,19.97,19.2,45,overcast clouds,3.53,0.0
Uzes,2026-05-19 12:00:00,23.75,23.22,40,broken clouds,2.23,0.0
Uzes,2026-05-19 15:00:00,25.15,24.74,39,few clouds,4.22,0.0
Uzes,2026-05-19 18:00:00,19.99,19.66,62,scattered clouds,4.65,0.0
Uzes,2026-05-19 21:00:00,15.58,15.18,76,scattered clouds,2.8,0.0
Uzes,2026-05-20 00:00:00,13.49,13.06,83,scattered clouds,3.01,0.0
Uzes,2026-05-20 03:00:00,12.0,11.37,81,clear sky,3.56,0.0
Uzes,2026-05-20 06:00:00,14.69,14.04,70,clear sky,5.11,0.0
Uzes,2026-05-20 09:00:00,21.14,20.56,48,clear sky,7.85,0.0
Nimes,2026-05-15 12:00:00,15.22,14.13,51,light rain,5.09,0.29
Nimes,2026-05-15 15:00:00,15.72,14.6,48,light rain,6.32,0.12
Nimes,2026-05-15 18:00:00,15.15,13.9,45,broken clouds,7.21,0.0
Nimes,2026-05-15 21:00:00,12.32,10.94,51,clear sky,4.63,0.0
Nimes,2026-05-16 00:00:00,10.88,9.49,56,clear sky,5.52,0.0
Nimes,2026-05-16 03:00:00,9.08,6.34,57,scattered clouds,5.25,0.0
Nimes,2026-05-16 06:00:00,10.35,8.96,58,scattered clouds,3.52,0.0
Nimes,2026-05-16 09:00:00,15.5,14.25,44,few clouds,6.84,0.0
Nimes,2026-05-16 12:00:00,18.01,16.78,35,scattered clouds,5.6,0.0
Nimes,2026-05-16 15:00:00,19.06,17.83,31,overcast clouds,5.85,0.0
Nimes,2026-05-16 18:00:00,16.52,15.38,44,overcast clouds,4.11,0.0
Nimes,2026-05-16 21:00:00,12.21,10.9,54,clear sky,2.99,0.0
Nimes,2026-05-17 00:00:00,10.41,9.13,62,clear sky,3.24,0.0
Nimes,2026-05-17 03:00:00,9.23,7.2,64,clear sky,3.71,0.0
Nimes,2026-05-17 06:00:00,11.46,10.18,58,scattered clouds,2.97,0.0
Nimes,2026-05-17 09:00:00,17.53,16.38,40,broken clouds,3.79,0.0
Nimes,2026-05-17 12:00:00,21.44,20.53,34,scattered clouds,2.31,0.0
Nimes,2026-05-17 15:00:00,18.45,17.71,52,broken clouds,5.55,0.0
Nimes,2026-05-17 18:00:00,17.66,17.07,61,broken clouds,4.77,0.0
Nimes,2026-05-17 21:00:00,13.72,13.18,78,scattered clouds,2.16,0.0
Nimes,2026-05-18 00:00:00,12.38,11.74,79,broken clouds,1.59,0.0
Nimes,2026-05-18 03:00:00,11.29,10.59,81,broken clouds,1.74,0.0
Nimes,2026-05-18 06:00:00,13.31,12.55,71,broken clouds,1.96,0.0
Nimes,2026-05-18 09:00:00,18.73,17.99,51,overcast clouds,2.68,0.0
Nimes,2026-05-18 12:00:00,22.84,22.15,37,broken clouds,3.42,0.0
Nimes,2026-05-18 15:00:00,21.08,20.5,48,overcast clouds,6.11,0.0
Nimes,2026-05-18 18:00:00,18.65,18.19,62,overcast clouds,5.18,0.0
Nimes,2026-05-18 21:00:00,15.82,15.1,63,overcast clouds,3.29,0.0
Nimes,2026-05-19 00:00:00,13.88,12.89,60,overcast clouds,2.02,0.0
Nimes,2026-05-19 03:00:00,12.87,11.83,62,overcast clouds,2.53,0.0
Nimes,2026-05-19 06:00:00,14.83,13.88,58,overcast clouds,1.96,0.0
Nimes,2026-05-19 09:00:00,20.82,20.03,41,overcast clouds,3.32,0.0
Nimes,2026-05-19 12:00:00,24.93,24.42,36,broken clouds,1.83,0.0
Nimes,2026-05-19 15:00:00,27.41,26.73,31,scattered clouds,4.54,0.0
Nimes,2026-05-19 18:00:00,21.5,21.09,53,scattered clouds,4.52,0.0
Nimes,2026-05-19 21:00:00,17.28,16.84,68,scattered clouds,2.02,0.0
Nimes,2026-05-20 00:00:00,15.35,14.87,74,few clouds,3.49,0.0
Nimes,2026-05-20 03:00:00,13.95,13.25,71,clear sky,3.8,0.0
Nimes,2026-05-20 06:00:00,15.75,15.03,63,clear sky,5.1,0.0
Nimes,2026-05-20 09:00:00,22.15,21.54,43,clear sky,7.33,0.0
Aigues Mortes,2026-05-15 12:00:00,15.78,14.56,44,broken clouds,6.39,0.0
Aigues Mortes,2026-05-15 15:00:00,16.19,15.04,45,broken clouds,7.22,0.0
Aigues Mortes,2026-05-15 18:00:00,16.29,15.1,43,broken clouds,5.77,0.0
Aigues Mortes,2026-05-15 21:00:00,13.36,12.14,53,clear sky,6.4,0.0
Aigues Mortes,2026-05-16 00:00:00,12.04,10.79,57,clear sky,6.99,0.0
Aigues Mortes,2026-05-16 03:00:00,11.75,10.44,56,clear sky,7.43,0.0
Aigues Mortes,2026-05-16 06:00:00,12.41,11.27,60,scattered clouds,9.41,0.0
Aigues Mortes,2026-05-16 09:00:00,14.63,13.56,54,scattered clouds,10.43,0.0
Aigues Mortes,2026-05-16 12:00:00,17.22,16.07,41,few clouds,7.83,0.0
Aigues Mortes,2026-05-16 15:00:00,19.17,18.11,37,scattered clouds,8.26,0.0
Aigues Mortes,2026-05-16 18:00:00,17.38,16.35,45,scattered clouds,7.59,0.0
Aigues Mortes,2026-05-16 21:00:00,14.92,13.8,51,clear sky,8.11,0.0
Aigues Mortes,2026-05-17 00:00:00,12.68,11.57,60,clear sky,4.89,0.0
Aigues Mortes,2026-05-17 03:00:00,11.63,10.55,65,clear sky,4.83,0.0
Aigues Mortes,2026-05-17 06:00:00,12.95,11.82,58,scattered clouds,3.33,0.0
Aigues Mortes,2026-05-17 09:00:00,16.67,15.54,44,broken clouds,1.87,0.0
Aigues Mortes,2026-05-17 12:00:00,18.32,17.43,47,scattered clouds,3.44,0.0
Aigues Mortes,2026-05-17 15:00:00,18.27,17.64,57,scattered clouds,4.68,0.0
Aigues Mortes,2026-05-17 18:00:00,17.6,17.14,66,scattered clouds,5.63,0.0
Aigues Mortes,2026-05-17 21:00:00,17.04,16.65,71,light rain,4.65,0.14
Aigues Mortes,2026-05-18 00:00:00,15.88,15.22,65,broken clouds,4.32,0.0
Aigues Mortes,2026-05-18 03:00:00,14.14,13.41,69,broken clouds,3.68,0.0
Aigues Mortes,2026-05-18 06:00:00,14.07,13.31,68,broken clouds,2.85,0.0
Aigues Mortes,2026-05-18 09:00:00,17.76,17.0,54,overcast clouds,1.09,0.0
Aigues Mortes,2026-05-18 12:00:00,20.27,19.74,53,overcast clouds,4.62,0.0
Aigues Mortes,2026-05-18 15:00:00,18.68,18.33,66,overcast clouds,6.97,0.0
Aigues Mortes,2026-05-18 18:00:00,17.99,17.75,73,overcast clouds,7.41,0.0
Aigues Mortes,2026-05-18 21:00:00,17.64,17.44,76,overcast clouds,6.01,0.0
Aigues Mortes,2026-05-19 00:00:00,16.15,15.49,64,broken clouds,4.21,0.0
Aigues Mortes,2026-05-19 03:00:00,14.97,14.17,63,overcast clouds,2.7,0.0
Aigues Mortes,2026-05-19 06:00:00,15.75,14.9,58,overcast clouds,2.69,0.0
Aigues Mortes,2026-05-19 09:00:00,19.42,18.67,48,overcast clouds,2.41,0.0
Aigues Mortes,2026-05-19 12:00:00,22.11,21.71,51,scattered clouds,2.54,0.0
Aigues Mortes,2026-05-19 15:00:00,21.79,21.54,58,scattered clouds,4.68,0.0
Aigues Mortes,2026-05-19 18:00:00,21.87,21.6,57,scattered clouds,4.49,0.0
Aigues Mortes,2026-05-19 21:00:00,18.82,18.51,67,few clouds,4.65,0.0
Aigues Mortes,2026-05-20 00:00:00,16.88,16.48,71,few clouds,3.43,0.0
Aigues Mortes,2026-05-20 03:00:00,15.6,15.04,70,clear sky,4.32,0.0
Aigues Mortes,2026-05-20 06:00:00,16.26,15.66,66,clear sky,4.84,0.0
Aigues Mortes,2026-05-20 09:00:00,21.19,20.7,51,clear sky,4.79,0.0
Saintes Maries De La Mer,2026-05-15 12:00:00,15.29,14.21,51,overcast clouds,7.15,0.0
Saintes Maries De La Mer,2026-05-15 15:00:00,15.55,14.47,50,overcast clouds,8.64,0.0
Saintes Maries De La Mer,2026-05-15 18:00:00,15.66,14.51,47,broken clouds,8.85,0.0
Saintes Maries De La Mer,2026-05-15 21:00:00,13.49,12.3,54,clear sky,7.87,0.0
Saintes Maries De La Mer,2026-05-16 00:00:00,11.8,10.6,60,clear sky,8.54,0.0
Saintes Maries De La Mer,2026-05-16 03:00:00,11.49,10.26,60,clear sky,8.28,0.0
Saintes Maries De La Mer,2026-05-16 06:00:00,13.09,12.02,60,clear sky,10.54,0.0
Saintes Maries De La Mer,2026-05-16 09:00:00,14.65,13.58,54,few clouds,10.34,0.0
Saintes Maries De La Mer,2026-05-16 12:00:00,17.05,15.99,45,scattered clouds,9.77,0.0
Saintes Maries De La Mer,2026-05-16 15:00:00,18.86,17.87,41,scattered clouds,6.27,0.0
Saintes Maries De La Mer,2026-05-16 18:00:00,17.87,16.94,47,broken clouds,8.92,0.0
Saintes Maries De La Mer,2026-05-16 21:00:00,14.59,13.62,58,few clouds,6.46,0.0
Saintes Maries De La Mer,2026-05-17 00:00:00,13.21,12.15,60,clear sky,5.6,0.0
Saintes Maries De La Mer,2026-05-17 03:00:00,12.11,11.07,65,clear sky,6.67,0.0
Saintes Maries De La Mer,2026-05-17 06:00:00,13.28,12.18,58,few clouds,5.18,0.0
Saintes Maries De La Mer,2026-05-17 09:00:00,16.89,15.78,44,overcast clouds,3.78,0.0
Saintes Maries De La Mer,2026-05-17 12:00:00,18.16,17.26,47,broken clouds,5.15,0.0
Saintes Maries De La Mer,2026-05-17 15:00:00,18.37,17.75,57,clear sky,5.9,0.0
Saintes Maries De La Mer,2026-05-17 18:00:00,17.53,17.14,69,clear sky,5.66,0.0
Saintes Maries De La Mer,2026-05-17 21:00:00,17.31,17.0,73,light rain,4.67,0.26
Saintes Maries De La Mer,2026-05-18 00:00:00,16.61,16.15,70,light rain,3.93,0.32
Saintes Maries De La Mer,2026-05-18 03:00:00,14.58,13.97,72,broken clouds,4.36,0.0
Saintes Maries De La Mer,2026-05-18 06:00:00,14.45,13.8,71,broken clouds,3.6,0.0
Saintes Maries De La Mer,2026-05-18 09:00:00,17.4,16.66,56,overcast clouds,2.04,0.0
Saintes Maries De La Mer,2026-05-18 12:00:00,18.75,18.17,57,overcast clouds,5.24,0.0
Saintes Maries De La Mer,2026-05-18 15:00:00,18.82,18.45,65,overcast clouds,6.72,0.0
Saintes Maries De La Mer,2026-05-18 18:00:00,17.6,17.37,75,overcast clouds,7.71,0.0
Saintes Maries De La Mer,2026-05-18 21:00:00,17.61,17.57,82,overcast clouds,7.13,0.0
Saintes Maries De La Mer,2026-05-19 00:00:00,16.26,15.77,70,broken clouds,4.94,0.0
Saintes Maries De La Mer,2026-05-19 03:00:00,15.65,14.89,62,overcast clouds,3.5,0.0
Saintes Maries De La Mer,2026-05-19 06:00:00,15.97,15.16,59,overcast clouds,3.71,0.0
Saintes Maries De La Mer,2026-05-19 09:00:00,18.54,17.76,50,overcast clouds,2.31,0.0
Saintes Maries De La Mer,2026-05-19 12:00:00,20.59,20.17,56,broken clouds,3.88,0.0
Saintes Maries De La Mer,2026-05-19 15:00:00,20.12,19.88,65,clear sky,6.8,0.0
Saintes Maries De La Mer,2026-05-19 18:00:00,21.39,21.15,60,few clouds,5.83,0.0
Saintes Maries De La Mer,2026-05-19 21:00:00,18.35,18.12,72,clear sky,3.74,0.0
Saintes Maries De La Mer,2026-05-20 00:00:00,17.22,16.93,74,clear sky,4.85,0.0
Saintes Maries De La Mer,2026-05-20 03:00:00,15.91,15.49,74,clear sky,6.01,0.0
Saintes Maries De La Mer,2026-05-20 06:00:00,16.35,15.79,67,clear sky,6.82,0.0
Saintes Maries De La Mer,2026-05-20 09:00:00,20.67,20.2,54,clear sky,6.98,0.0
Collioure,2026-05-15 12:00:00,16.26,15.46,58,overcast clouds,12.35,0.0
Collioure,2026-05-15 15:00:00,16.06,15.16,55,overcast clouds,10.95,0.0
Collioure,2026-05-15 18:00:00,14.57,13.6,58,overcast clouds,9.97,0.0
Collioure,2026-05-15 21:00:00,12.75,11.57,57,clear sky,8.27,0.0
Collioure,2026-05-16 00:00:00,12.03,10.86,60,clear sky,8.0,0.0
Collioure,2026-05-16 03:00:00,10.23,9.14,70,scattered clouds,6.36,0.0
Collioure,2026-05-16 06:00:00,11.3,10.18,65,few clouds,6.06,0.0
Collioure,2026-05-16 09:00:00,15.94,14.87,49,clear sky,8.62,0.0
Collioure,2026-05-16 12:00:00,18.71,17.73,42,clear sky,11.06,0.0
Collioure,2026-05-16 15:00:00,17.69,16.92,54,broken clouds,4.85,0.0
Collioure,2026-05-16 18:00:00,15.78,15.11,65,light rain,4.82,0.17
Collioure,2026-05-16 21:00:00,13.96,13.32,73,broken clouds,3.75,0.0
Collioure,2026-05-17 00:00:00,11.64,10.97,81,scattered clouds,3.44,0.0
Collioure,2026-05-17 03:00:00,11.16,10.47,82,clear sky,2.17,0.0
Collioure,2026-05-17 06:00:00,13.02,12.31,74,scattered clouds,2.01,0.0
Collioure,2026-05-17 09:00:00,18.26,17.5,52,broken clouds,0.8,0.0
Collioure,2026-05-17 12:00:00,17.97,17.36,59,broken clouds,3.23,0.0
Collioure,2026-05-17 15:00:00,19.59,19.2,61,light rain,3.45,0.14
Collioure,2026-05-17 18:00:00,18.33,18.07,71,scattered clouds,2.72,0.0
Collioure,2026-05-17 21:00:00,14.71,14.4,83,light rain,2.49,0.44
Collioure,2026-05-18 00:00:00,14.56,14.08,77,overcast clouds,2.15,0.0
Collioure,2026-05-18 03:00:00,13.57,13.07,80,broken clouds,2.28,0.0
Collioure,2026-05-18 06:00:00,15.25,14.84,77,broken clouds,2.16,0.0
Collioure,2026-05-18 09:00:00,18.09,17.65,65,overcast clouds,1.72,0.0
Collioure,2026-05-18 12:00:00,19.3,18.98,65,light rain,3.21,0.15
Collioure,2026-05-18 15:00:00,19.9,19.72,68,overcast clouds,3.58,0.0
Collioure,2026-05-18 18:00:00,18.41,18.45,82,light rain,0.94,1.57
Collioure,2026-05-18 21:00:00,17.34,17.27,82,light rain,2.09,0.61
Collioure,2026-05-19 00:00:00,15.99,15.84,84,overcast clouds,1.91,0.0
Collioure,2026-05-19 03:00:00,14.7,14.42,84,broken clouds,1.75,0.0
Collioure,2026-05-19 06:00:00,16.38,16.16,80,broken clouds,1.55,0.0
Collioure,2026-05-19 09:00:00,21.41,21.17,60,broken clouds,0.57,0.0
Collioure,2026-05-19 12:00:00,22.98,22.74,54,broken clouds,2.49,0.0
Collioure,2026-05-19 15:00:00,21.64,21.66,69,light rain,2.2,0.2
Collioure,2026-05-19 18:00:00,21.08,20.81,60,light rain,5.2,0.19
Collioure,2026-05-19 21:00:00,19.26,18.94,65,scattered clouds,4.3,0.0
Collioure,2026-05-20 00:00:00,16.95,16.69,76,few clouds,3.41,0.0
Collioure,2026-05-20 03:00:00,15.69,15.46,82,clear sky,3.58,0.0
Collioure,2026-05-20 06:00:00,17.25,17.01,76,clear sky,3.21,0.0
Collioure,2026-05-20 09:00:00,22.32,22.04,55,clear sky,3.35,0.0
Carcassonne,2026-05-15 12:00:00,11.11,10.26,76,light rain,8.55,0.61
Carcassonne,2026-05-15 15:00:00,12.86,12.0,69,light rain,8.91,0.3
Carcassonne,2026-05-15 18:00:00,13.23,12.36,67,scattered clouds,7.47,0.0
Carcassonne,2026-05-15 21:00:00,11.13,10.41,81,clear sky,6.21,0.0
Carcassonne,2026-05-16 00:00:00,10.59,10.05,90,light rain,6.85,0.39
Carcassonne,2026-05-16 03:00:00,7.4,3.99,91,light rain,5.87,0.54
Carcassonne,2026-05-16 06:00:00,8.42,4.81,85,scattered clouds,7.32,0.0
Carcassonne,2026-05-16 09:00:00,9.76,6.54,85,light rain,7.33,0.32
Carcassonne,2026-05-16 12:00:00,15.25,14.32,57,light rain,9.82,0.54
Carcassonne,2026-05-16 15:00:00,14.96,14.13,62,light rain,8.49,0.42
Carcassonne,2026-05-16 18:00:00,13.48,12.82,74,scattered clouds,6.85,0.0
Carcassonne,2026-05-16 21:00:00,10.19,9.64,91,clear sky,4.04,0.0
Carcassonne,2026-05-17 00:00:00,8.58,7.11,94,few clouds,2.54,0.0
Carcassonne,2026-05-17 03:00:00,8.03,6.77,94,broken clouds,2.15,0.0
Carcassonne,2026-05-17 06:00:00,10.45,9.77,85,broken clouds,1.89,0.0
Carcassonne,2026-05-17 09:00:00,16.42,15.68,60,few clouds,3.19,0.0
Carcassonne,2026-05-17 12:00:00,20.09,19.36,46,clear sky,3.58,0.0
Carcassonne,2026-05-17 15:00:00,20.56,19.87,46,scattered clouds,4.28,0.0
Carcassonne,2026-05-17 18:00:00,17.92,17.36,61,light rain,2.57,0.15
Carcassonne,2026-05-17 21:00:00,12.69,12.13,81,broken clouds,2.72,0.0
Carcassonne,2026-05-18 00:00:00,13.29,12.79,81,overcast clouds,2.77,0.0
Carcassonne,2026-05-18 03:00:00,10.26,9.82,95,scattered clouds,2.7,0.0
Carcassonne,2026-05-18 06:00:00,12.14,11.71,88,broken clouds,2.96,0.0
Carcassonne,2026-05-18 09:00:00,16.35,15.79,67,overcast clouds,3.38,0.0
Carcassonne,2026-05-18 12:00:00,20.3,19.74,52,overcast clouds,3.35,0.0
Carcassonne,2026-05-18 15:00:00,20.37,19.85,53,overcast clouds,4.84,0.0
Carcassonne,2026-05-18 18:00:00,17.96,17.53,66,overcast clouds,3.11,0.0
Carcassonne,2026-05-18 21:00:00,14.01,13.56,80,overcast clouds,1.38,0.0
Carcassonne,2026-05-19 00:00:00,12.8,12.33,84,overcast clouds,1.23,0.0
Carcassonne,2026-05-19 03:00:00,12.16,11.68,86,broken clouds,1.61,0.0
Carcassonne,2026-05-19 06:00:00,14.31,13.86,79,overcast clouds,1.98,0.0
Carcassonne,2026-05-19 09:00:00,20.11,19.66,57,broken clouds,3.42,0.0
Carcassonne,2026-05-19 12:00:00,23.45,23.03,45,scattered clouds,5.4,0.0
Carcassonne,2026-05-19 15:00:00,22.98,22.51,45,few clouds,6.81,0.0
Carcassonne,2026-05-19 18:00:00,19.53,19.21,64,few clouds,5.0,0.0
Carcassonne,2026-05-19 21:00:00,14.71,14.43,84,few clouds,3.16,0.0
Carcassonne,2026-05-20 00:00:00,12.99,12.67,89,few clouds,3.08,0.0
Carcassonne,2026-05-20 03:00:00,12.03,11.69,92,clear sky,2.85,0.0
Carcassonne,2026-05-20 06:00:00,14.32,13.97,83,clear sky,2.9,0.0
Carcassonne,2026-05-20 09:00:00,20.97,20.61,57,clear sky,4.34,0.0
Ariege,2026-05-15 12:00:00,4.58,2.42,75,light rain,2.48,1.36
Ariege,2026-05-15 15:00:00,6.83,4.68,79,light rain,3.03,2.07
Ariege,2026-05-15 18:00:00,6.58,4.8,87,light rain,2.47,1.87
Ariege,2026-05-15 21:00:00,5.77,4.01,97,light rain,2.27,1.64
Ariege,2026-05-16 00:00:00,4.83,3.28,96,light rain,1.9,1.31
Ariege,2026-05-16 03:00:00,1.47,-0.11,95,light rain,1.52,0.26
Ariege,2026-05-16 06:00:00,1.7,0.11,98,light rain,1.55,0.82
Ariege,2026-05-16 09:00:00,6.58,4.01,71,light rain,3.62,0.25
Ariege,2026-05-16 12:00:00,8.4,6.46,68,light rain,3.22,0.31
Ariege,2026-05-16 15:00:00,9.27,7.61,70,light rain,3.04,0.39
Ariege,2026-05-16 18:00:00,7.55,6.46,84,light rain,1.87,0.18
Ariege,2026-05-16 21:00:00,4.44,4.44,98,light rain,1.08,0.21
Ariege,2026-05-17 00:00:00,3.67,2.62,96,broken clouds,1.37,0.0
Ariege,2026-05-17 03:00:00,2.6,0.4,93,overcast clouds,2.16,0.0
Ariege,2026-05-17 06:00:00,5.33,5.33,86,overcast clouds,1.18,0.0
Ariege,2026-05-17 09:00:00,11.16,9.98,63,few clouds,2.08,0.0
Ariege,2026-05-17 12:00:00,12.28,11.18,62,light rain,2.32,0.2
Ariege,2026-05-17 15:00:00,10.02,9.24,83,light rain,0.6,0.39
Ariege,2026-05-17 18:00:00,8.24,8.24,95,light rain,1.16,1.06
Ariege,2026-05-17 21:00:00,7.35,7.35,95,light rain,1.33,0.67
Ariege,2026-05-18 00:00:00,5.69,5.69,94,overcast clouds,1.31,0.0
Ariege,2026-05-18 03:00:00,5.47,5.47,95,broken clouds,0.96,0.0
Ariege,2026-05-18 06:00:00,7.15,7.15,96,broken clouds,0.2,0.0
Ariege,2026-05-18 09:00:00,11.56,10.73,75,overcast clouds,1.03,0.0
Ariege,2026-05-18 12:00:00,14.23,13.41,65,light rain,2.68,0.44
Ariege,2026-05-18 15:00:00,12.26,11.58,78,light rain,1.73,0.74
Ariege,2026-05-18 18:00:00,11.04,10.47,87,light rain,0.98,0.25
Ariege,2026-05-18 21:00:00,8.69,8.04,94,overcast clouds,1.61,0.0
Ariege,2026-05-19 00:00:00,7.43,5.85,90,broken clouds,2.41,0.0
Ariege,2026-05-19 03:00:00,7.13,5.49,85,overcast clouds,2.41,0.0
Ariege,2026-05-19 06:00:00,10.01,9.1,78,overcast clouds,1.1,0.0
Ariege,2026-05-19 09:00:00,15.92,15.06,57,broken clouds,2.49,0.0
Ariege,2026-05-19 12:00:00,17.51,16.78,56,broken clouds,3.7,0.0
Ariege,2026-05-19 15:00:00,14.19,13.96,88,light rain,2.4,1.22
Ariege,2026-05-19 18:00:00,11.09,10.79,97,light rain,1.25,2.51
Ariege,2026-05-19 21:00:00,9.65,9.07,97,light rain,1.68,0.21
Ariege,2026-05-20 00:00:00,8.87,8.11,96,broken clouds,1.74,0.0
Ariege,2026-05-20 03:00:00,8.14,6.96,94,clear sky,2.08,0.0
Ariege,2026-05-20 06:00:00,10.44,9.89,90,scattered clouds,1.26,0.0
Ariege,2026-05-20 09:00:00,16.32,15.65,63,scattered clouds,1.84,0.0
Toulouse,2026-05-15 12:00:00,10.97,9.85,66,light rain,5.88,0.92
Toulouse,2026-05-15 15:00:00,12.67,11.64,63,light rain,5.26,0.46
Toulouse,2026-05-15 18:00:00,12.91,12.01,67,light rain,5.69,0.23
Toulouse,2026-05-15 21:00:00,10.89,10.05,77,light rain,5.21,0.2
Toulouse,2026-05-16 00:00:00,9.99,7.46,86,light rain,5.32,0.37
Toulouse,2026-05-16 03:00:00,6.03,3.14,93,few clouds,3.97,0.0
Toulouse,2026-05-16 06:00:00,8.41,4.87,92,light rain,7.07,0.28
Toulouse,2026-05-16 09:00:00,12.62,11.69,67,light rain,6.57,0.53
Toulouse,2026-05-16 12:00:00,13.53,12.69,67,light rain,6.87,0.76
Toulouse,2026-05-16 15:00:00,14.77,14.0,65,light rain,6.21,0.46
Toulouse,2026-05-16 18:00:00,13.08,12.51,79,light rain,4.82,0.43
Toulouse,2026-05-16 21:00:00,10.58,9.97,87,broken clouds,2.75,0.0
Toulouse,2026-05-17 00:00:00,8.73,7.96,91,broken clouds,1.73,0.0
Toulouse,2026-05-17 03:00:00,8.77,8.77,90,overcast clouds,0.98,0.0
Toulouse,2026-05-17 06:00:00,9.81,9.81,85,overcast clouds,0.81,0.0
Toulouse,2026-05-17 09:00:00,15.26,14.54,65,few clouds,1.26,0.0
Toulouse,2026-05-17 12:00:00,19.09,18.39,51,few clouds,1.12,0.0
Toulouse,2026-05-17 15:00:00,20.18,19.43,45,scattered clouds,2.73,0.0
Toulouse,2026-05-17 18:00:00,17.34,16.77,63,light rain,3.81,0.13
Toulouse,2026-05-17 21:00:00,12.35,11.83,84,light rain,2.13,0.13
Toulouse,2026-05-18 00:00:00,10.3,9.79,92,scattered clouds,3.02,0.0
Toulouse,2026-05-18 03:00:00,9.52,8.58,95,scattered clouds,2.06,0.0
Toulouse,2026-05-18 06:00:00,11.13,10.65,90,broken clouds,1.76,0.0
Toulouse,2026-05-18 09:00:00,15.44,14.82,68,overcast clouds,1.62,0.0
Toulouse,2026-05-18 12:00:00,18.56,17.93,56,overcast clouds,2.17,0.0
Toulouse,2026-05-18 15:00:00,18.39,17.83,59,overcast clouds,2.64,0.0
Toulouse,2026-05-18 18:00:00,16.51,16.1,72,overcast clouds,1.61,0.0
Toulouse,2026-05-18 21:00:00,13.29,12.82,82,overcast clouds,1.46,0.0
Toulouse,2026-05-19 00:00:00,12.0,11.5,86,broken clouds,0.83,0.0
Toulouse,2026-05-19 03:00:00,11.48,10.98,88,overcast clouds,0.73,0.0
Toulouse,2026-05-19 06:00:00,13.58,13.13,82,overcast clouds,0.77,0.0
Toulouse,2026-05-19 09:00:00,18.75,18.38,65,broken clouds,1.0,0.0
Toulouse,2026-05-19 12:00:00,20.66,20.03,48,scattered clouds,3.69,0.0
Toulouse,2026-05-19 15:00:00,21.8,21.31,49,scattered clouds,4.84,0.0
Toulouse,2026-05-19 18:00:00,18.48,18.13,67,few clouds,3.26,0.0
Toulouse,2026-05-19 21:00:00,13.82,13.42,83,few clouds,1.41,0.0
Toulouse,2026-05-20 00:00:00,13.81,13.36,81,few clouds,0.4,0.0
Toulouse,2026-05-20 03:00:00,11.78,11.31,88,few clouds,0.57,0.0
Toulouse,2026-05-20 06:00:00,13.32,12.93,85,clear sky,0.95,0.0
Toulouse,2026-05-20 09:00:00,18.91,18.63,68,few clouds,1.43,0.0
Montauban,2026-05-15 12:00:00,15.85,15.19,65,light rain,5.7,0.77
Montauban,2026-05-15 15:00:00,16.0,15.25,61,light rain,6.38,0.13
Montauban,2026-05-15 18:00:00,14.98,14.26,66,light rain,5.12,0.2
Montauban,2026-05-15 21:00:00,10.23,9.42,81,few clouds,3.67,0.0
Montauban,2026-05-16 00:00:00,9.06,7.13,93,few clouds,3.45,0.0
Montauban,2026-05-16 03:00:00,4.94,2.36,93,clear sky,3.1,0.0
Montauban,2026-05-16 06:00:00,7.95,5.39,90,light rain,4.18,0.1
Montauban,2026-05-16 09:00:00,13.02,12.07,65,light rain,7.21,0.7
Montauban,2026-05-16 12:00:00,12.96,12.06,67,light rain,6.67,0.54
Montauban,2026-05-16 15:00:00,14.0,13.31,71,light rain,5.33,0.37
Montauban,2026-05-16 18:00:00,13.51,12.85,74,light rain,3.74,0.55
Montauban,2026-05-16 21:00:00,9.45,8.41,88,scattered clouds,2.17,0.0
Montauban,2026-05-17 00:00:00,10.35,9.71,87,broken clouds,1.07,0.0
Montauban,2026-05-17 03:00:00,10.18,9.55,88,overcast clouds,0.86,0.0
Montauban,2026-05-17 06:00:00,10.1,9.49,89,overcast clouds,1.19,0.0
Montauban,2026-05-17 09:00:00,14.9,14.27,70,broken clouds,1.33,0.0
Montauban,2026-05-17 12:00:00,18.21,17.5,54,scattered clouds,1.99,0.0
Montauban,2026-05-17 15:00:00,19.36,18.66,50,broken clouds,3.14,0.0
Montauban,2026-05-17 18:00:00,15.57,15.27,80,light rain,3.55,0.82
Montauban,2026-05-17 21:00:00,12.08,11.59,86,light rain,1.26,0.11
Montauban,2026-05-18 00:00:00,10.81,10.32,91,broken clouds,2.4,0.0
Montauban,2026-05-18 03:00:00,8.76,8.0,96,scattered clouds,1.73,0.0
Montauban,2026-05-18 06:00:00,10.78,10.37,94,broken clouds,1.21,0.0
Montauban,2026-05-18 09:00:00,14.84,14.29,73,overcast clouds,1.58,0.0
Montauban,2026-05-18 12:00:00,17.24,16.61,61,overcast clouds,2.08,0.0
Montauban,2026-05-18 15:00:00,16.93,16.38,65,overcast clouds,1.96,0.0
Montauban,2026-05-18 18:00:00,16.8,16.44,73,overcast clouds,1.42,0.0
Montauban,2026-05-18 21:00:00,12.81,12.29,82,broken clouds,1.96,0.0
Montauban,2026-05-19 00:00:00,11.51,10.99,87,broken clouds,1.22,0.0
Montauban,2026-05-19 03:00:00,11.33,10.84,89,overcast clouds,1.34,0.0
Montauban,2026-05-19 06:00:00,13.0,12.6,86,overcast clouds,0.81,0.0
Montauban,2026-05-19 09:00:00,17.97,17.36,59,scattered clouds,1.66,0.0
Montauban,2026-05-19 12:00:00,20.08,19.42,49,broken clouds,2.67,0.0
Montauban,2026-05-19 15:00:00,19.29,18.76,57,overcast clouds,3.4,0.0
Montauban,2026-05-19 18:00:00,16.88,16.61,76,broken clouds,2.15,0.0
Montauban,2026-05-19 21:00:00,12.76,12.36,87,clear sky,1.53,0.0
Montauban,2026-05-20 00:00:00,11.35,10.89,90,clear sky,1.61,0.0
Montauban,2026-05-20 03:00:00,10.57,10.11,93,clear sky,1.08,0.0
Montauban,2026-05-20 06:00:00,12.57,12.21,89,clear sky,0.91,0.0
Montauban,2026-05-20 09:00:00,18.24,18.03,73,clear sky,0.69,0.0
Biarritz,2026-05-15 12:00:00,11.0,10.14,76,light rain,5.42,1.78
Biarritz,2026-05-15 15:00:00,11.94,11.1,73,light rain,5.18,1.23
Biarritz,2026-05-15 18:00:00,12.5,11.69,72,light rain,6.81,0.97
Biarritz,2026-05-15 21:00:00,12.55,11.64,68,light rain,5.31,0.36
Biarritz,2026-05-16 00:00:00,11.75,10.96,76,light rain,5.71,2.02
Biarritz,2026-05-16 03:00:00,11.65,10.88,77,light rain,5.75,1.56
Biarritz,2026-05-16 06:00:00,12.14,11.5,80,light rain,5.9,1.97
Biarritz,2026-05-16 09:00:00,13.05,12.42,77,light rain,6.14,1.76
Biarritz,2026-05-16 12:00:00,14.85,14.11,66,light rain,5.92,0.67
Biarritz,2026-05-16 15:00:00,14.85,14.09,65,light rain,4.14,0.36
Biarritz,2026-05-16 18:00:00,14.67,13.97,68,scattered clouds,2.54,0.0
Biarritz,2026-05-16 21:00:00,12.35,11.68,78,overcast clouds,1.99,0.0
Biarritz,2026-05-17 00:00:00,10.59,9.98,87,overcast clouds,2.62,0.0
Biarritz,2026-05-17 03:00:00,10.12,9.46,87,broken clouds,2.48,0.0
Biarritz,2026-05-17 06:00:00,10.87,10.13,81,scattered clouds,2.06,0.0
Biarritz,2026-05-17 09:00:00,15.39,14.6,62,few clouds,1.35,0.0
Biarritz,2026-05-17 12:00:00,16.14,15.48,64,few clouds,2.82,0.0
Biarritz,2026-05-17 15:00:00,16.39,15.83,67,broken clouds,4.39,0.0
Biarritz,2026-05-17 18:00:00,15.42,15.05,78,broken clouds,4.12,0.0
Biarritz,2026-05-17 21:00:00,13.95,13.49,80,broken clouds,2.63,0.0
Biarritz,2026-05-18 00:00:00,13.69,13.2,80,broken clouds,2.36,0.0
Biarritz,2026-05-18 03:00:00,13.72,13.16,77,overcast clouds,1.23,0.0
Biarritz,2026-05-18 06:00:00,14.02,13.51,78,overcast clouds,0.2,0.0
Biarritz,2026-05-18 09:00:00,15.6,15.1,72,overcast clouds,0.66,0.0
Biarritz,2026-05-18 12:00:00,16.68,16.21,69,overcast clouds,2.75,0.0
Biarritz,2026-05-18 15:00:00,16.34,15.94,73,overcast clouds,2.74,0.0
Biarritz,2026-05-18 18:00:00,16.76,16.4,73,overcast clouds,2.82,0.0
Biarritz,2026-05-18 21:00:00,14.51,14.16,82,overcast clouds,1.63,0.0
Biarritz,2026-05-19 00:00:00,14.24,13.83,81,overcast clouds,1.08,0.0
Biarritz,2026-05-19 03:00:00,13.84,13.47,84,overcast clouds,1.34,0.0
Biarritz,2026-05-19 06:00:00,14.55,14.18,81,overcast clouds,1.15,0.0
Biarritz,2026-05-19 09:00:00,18.22,17.87,68,scattered clouds,1.52,0.0
Biarritz,2026-05-19 12:00:00,18.2,17.83,67,scattered clouds,3.38,0.0
Biarritz,2026-05-19 15:00:00,18.33,17.92,65,broken clouds,1.98,0.0
Biarritz,2026-05-19 18:00:00,17.54,17.26,73,scattered clouds,1.68,0.0
Biarritz,2026-05-19 21:00:00,15.47,15.27,84,few clouds,0.87,0.0
Biarritz,2026-05-20 00:00:00,14.39,14.16,87,few clouds,1.87,0.0
Biarritz,2026-05-20 03:00:00,13.73,13.53,91,scattered clouds,2.64,0.0
Biarritz,2026-05-20 06:00:00,14.58,14.42,89,scattered clouds,2.86,0.0
Biarritz,2026-05-20 09:00:00,19.32,19.24,74,few clouds,3.57,0.0
Bayonne,2026-05-15 12:00:00,11.42,10.6,76,light rain,5.09,1.81
Bayonne,2026-05-15 15:00:00,13.38,12.68,73,light rain,5.13,1.09
Bayonne,2026-05-15 18:00:00,15.16,14.66,74,light rain,5.78,0.87
Bayonne,2026-05-15 21:00:00,13.69,12.97,71,light rain,4.22,0.27
Bayonne,2026-05-16 00:00:00,12.28,11.68,81,light rain,4.4,1.86
Bayonne,2026-05-16 03:00:00,10.75,9.97,80,light rain,4.7,1.47
Bayonne,2026-05-16 06:00:00,11.56,10.91,82,light rain,4.78,1.79
Bayonne,2026-05-16 09:00:00,12.82,12.25,80,light rain,5.52,1.71
Bayonne,2026-05-16 12:00:00,15.08,14.34,65,light rain,5.63,0.78
Bayonne,2026-05-16 15:00:00,15.19,14.44,64,light rain,4.26,0.35
Bayonne,2026-05-16 18:00:00,14.54,13.85,69,scattered clouds,2.5,0.0
Bayonne,2026-05-16 21:00:00,11.54,10.86,81,overcast clouds,1.81,0.0
Bayonne,2026-05-17 00:00:00,9.74,8.77,89,overcast clouds,2.15,0.0
Bayonne,2026-05-17 03:00:00,9.09,8.02,90,broken clouds,2.14,0.0
Bayonne,2026-05-17 06:00:00,10.23,9.48,83,scattered clouds,1.73,0.0
Bayonne,2026-05-17 09:00:00,15.74,14.99,62,few clouds,1.35,0.0
Bayonne,2026-05-17 12:00:00,16.55,15.91,63,few clouds,3.16,0.0
Bayonne,2026-05-17 15:00:00,16.58,16.02,66,broken clouds,4.52,0.0
Bayonne,2026-05-17 18:00:00,15.42,15.05,78,broken clouds,3.95,0.0
Bayonne,2026-05-17 21:00:00,13.13,12.69,84,scattered clouds,2.42,0.0
Bayonne,2026-05-18 00:00:00,12.79,12.29,83,broken clouds,2.12,0.0
Bayonne,2026-05-18 03:00:00,13.2,12.66,80,overcast clouds,0.95,0.0
Bayonne,2026-05-18 06:00:00,13.68,13.17,79,overcast clouds,0.58,0.0
Bayonne,2026-05-18 09:00:00,15.96,15.41,69,overcast clouds,0.26,0.0
Bayonne,2026-05-18 12:00:00,17.15,16.67,67,overcast clouds,2.64,0.0
Bayonne,2026-05-18 15:00:00,16.68,16.26,71,overcast clouds,2.49,0.0
Bayonne,2026-05-18 18:00:00,17.07,16.74,73,overcast clouds,2.52,0.0
Bayonne,2026-05-18 21:00:00,13.89,13.55,85,overcast clouds,1.59,0.0
Bayonne,2026-05-19 00:00:00,13.67,13.26,83,overcast clouds,0.83,0.0
Bayonne,2026-05-19 03:00:00,13.18,12.8,86,overcast clouds,1.22,0.0
Bayonne,2026-05-19 06:00:00,14.14,13.75,82,overcast clouds,1.19,0.0
Bayonne,2026-05-19 09:00:00,18.92,18.56,65,scattered clouds,1.11,0.0
Bayonne,2026-05-19 12:00:00,18.72,18.34,65,scattered clouds,3.89,0.0
Bayonne,2026-05-19 15:00:00,18.6,18.21,65,broken clouds,2.49,0.0
Bayonne,2026-05-19 18:00:00,17.47,17.2,74,scattered clouds,1.84,0.0
Bayonne,2026-05-19 21:00:00,14.78,14.59,87,few clouds,0.54,0.0
Bayonne,2026-05-20 00:00:00,13.73,13.48,89,clear sky,1.59,0.0
Bayonne,2026-05-20 03:00:00,13.1,12.89,93,scattered clouds,2.36,0.0
Bayonne,2026-05-20 06:00:00,14.2,14.05,91,scattered clouds,2.61,0.0
Bayonne,2026-05-20 09:00:00,19.71,19.62,72,few clouds,3.52,0.0
La Rochelle,2026-05-15 12:00:00,13.85,12.81,58,few clouds,3.6,0.0
La Rochelle,2026-05-15 15:00:00,13.83,12.89,62,light rain,9.12,0.15
La Rochelle,2026-05-15 18:00:00,13.4,12.52,66,light rain,8.33,0.69
La Rochelle,2026-05-15 21:00:00,10.35,9.4,75,light rain,6.89,0.94
La Rochelle,2026-05-16 00:00:00,10.33,9.53,81,light rain,5.61,0.86
La Rochelle,2026-05-16 03:00:00,9.34,6.98,80,light rain,4.48,0.12
La Rochelle,2026-05-16 06:00:00,9.27,7.05,77,broken clouds,4.11,0.0
La Rochelle,2026-05-16 09:00:00,11.23,10.13,66,broken clouds,3.01,0.0
La Rochelle,2026-05-16 12:00:00,12.88,11.82,61,broken clouds,4.93,0.0
La Rochelle,2026-05-16 15:00:00,12.3,11.49,73,overcast clouds,3.33,0.0
La Rochelle,2026-05-16 18:00:00,13.93,13.42,78,light rain,4.21,0.2
La Rochelle,2026-05-16 21:00:00,13.55,12.89,74,light rain,4.82,0.13
La Rochelle,2026-05-17 00:00:00,13.3,12.72,78,light rain,3.63,0.28
La Rochelle,2026-05-17 03:00:00,13.66,13.07,76,light rain,4.03,1.59
La Rochelle,2026-05-17 06:00:00,14.23,13.56,71,overcast clouds,2.99,0.0
La Rochelle,2026-05-17 09:00:00,14.73,14.24,76,light rain,5.77,0.46
La Rochelle,2026-05-17 12:00:00,15.63,15.18,74,light rain,6.57,0.82
La Rochelle,2026-05-17 15:00:00,14.87,14.32,73,overcast clouds,6.57,0.0
La Rochelle,2026-05-17 18:00:00,14.33,13.67,71,overcast clouds,6.03,0.0
La Rochelle,2026-05-17 21:00:00,12.77,12.03,74,scattered clouds,4.96,0.0
La Rochelle,2026-05-18 00:00:00,12.91,12.11,71,light rain,5.22,0.1
La Rochelle,2026-05-18 03:00:00,13.21,12.34,67,overcast clouds,5.13,0.0
La Rochelle,2026-05-18 06:00:00,13.81,13.07,70,overcast clouds,5.82,0.0
La Rochelle,2026-05-18 09:00:00,14.8,14.03,65,light rain,6.33,0.17
La Rochelle,2026-05-18 12:00:00,15.19,14.49,66,overcast clouds,6.07,0.0
La Rochelle,2026-05-18 15:00:00,15.34,14.65,66,overcast clouds,6.06,0.0
La Rochelle,2026-05-18 18:00:00,15.11,14.48,69,overcast clouds,5.59,0.0
La Rochelle,2026-05-18 21:00:00,15.04,14.4,69,overcast clouds,6.09,0.0
La Rochelle,2026-05-19 00:00:00,15.04,14.45,71,overcast clouds,8.38,0.0
La Rochelle,2026-05-19 03:00:00,14.66,14.51,89,light rain,8.61,0.61
La Rochelle,2026-05-19 06:00:00,15.03,14.99,92,moderate rain,10.02,3.31
La Rochelle,2026-05-19 09:00:00,15.94,15.89,88,light rain,10.82,0.5
La Rochelle,2026-05-19 12:00:00,16.84,16.75,83,light rain,8.1,0.27
La Rochelle,2026-05-19 15:00:00,16.6,16.46,82,broken clouds,7.27,0.0
La Rochelle,2026-05-19 18:00:00,16.04,15.92,85,broken clouds,5.23,0.0
La Rochelle,2026-05-19 21:00:00,15.24,15.12,88,clear sky,4.04,0.0
La Rochelle,2026-05-20 00:00:00,14.99,14.84,88,clear sky,2.93,0.0
La Rochelle,2026-05-20 03:00:00,14.55,14.36,88,clear sky,1.44,0.0
La Rochelle,2026-05-20 06:00:00,14.46,14.29,89,scattered clouds,2.0,0.0
La Rochelle,2026-05-20 09:00:00,16.45,16.24,80,few clouds,2.03,0.0
