city,datetime,temperature,feels_like,humidity,weather,wind_speed,rain_3h
Mont Saint Michel,2026-06-01 15:00:00,20.44,19.92,53,broken clouds,3.81,0
Mont Saint Michel,2026-06-01 18:00:00,19.69,19.39,64,overcast clouds,5.21,0
Mont Saint Michel,2026-06-01 21:00:00,16.48,16.48,88,light rain,4.35,0.14
Mont Saint Michel,2026-06-02 00:00:00,15.8,15.84,92,light rain,6.19,0.16
Mont Saint Michel,2026-06-02 03:00:00,15.61,15.6,91,moderate rain,5.98,9.63
Mont Saint Michel,2026-06-02 06:00:00,14.34,14.18,90,light rain,5.73,0.54
Mont Saint Michel,2026-06-02 09:00:00,16.38,16.01,74,light rain,7.76,0.32
Mont Saint Michel,2026-06-02 12:00:00,16.67,16.35,75,light rain,8.14,0.92
Mont Saint Michel,2026-06-02 15:00:00,16.52,16.21,76,light rain,8.73,0.6
Mont Saint Michel,2026-06-02 18:00:00,15.4,15.16,83,light rain,8.51,0.6
Mont Saint Michel,2026-06-02 21:00:00,13.89,13.61,87,clear sky,6.37,0
Mont Saint Michel,2026-06-03 00:00:00,12.01,11.75,95,light rain,5.69,0.13
Mont Saint Michel,2026-06-03 03:00:00,11.25,10.91,95,scattered clouds,4.42,0
Mont Saint Michel,2026-06-03 06:00:00,13.06,12.67,86,scattered clouds,5.57,0
Mont Saint Michel,2026-06-03 09:00:00,15.37,15.03,79,broken clouds,6.22,0
Mont Saint Michel,2026-06-03 12:00:00,16.26,16.24,88,light rain,8,0.35
Mont Saint Michel,2026-06-03 15:00:00,19.61,19.66,78,light rain,8.53,0.87
Mont Saint Michel,2026-06-03 18:00:00,18.37,18.06,69,light rain,7.68,0.26
Mont Saint Michel,2026-06-03 21:00:00,15.01,14.76,84,light rain,7.82,0.23
Mont Saint Michel,2026-06-04 00:00:00,13.6,13.08,79,light rain,7.73,0.27
Mont Saint Michel,2026-06-04 03:00:00,13.09,12.57,81,overcast clouds,8.1,0
Mont Saint Michel,2026-06-04 06:00:00,13.92,13.4,78,light rain,8.17,0.1
Mont Saint Michel,2026-06-04 09:00:00,14.98,14.41,72,light rain,8.17,0.19
Mont Saint Michel,2026-06-04 12:00:00,17.06,16.18,52,light rain,7.8,0.15
Mont Saint Michel,2026-06-04 15:00:00,14.57,13.99,73,light rain,8.92,0.84
Mont Saint Michel,2026-06-04 18:00:00,13.22,12.63,78,light rain,9.02,1.35
Mont Saint Michel,2026-06-04 21:00:00,11.69,10.98,79,light rain,7.7,0.33
Mont Saint Michel,2026-06-05 00:00:00,10.91,10.12,79,light rain,7.06,0.18
Mont Saint Michel,2026-06-05 03:00:00,11.11,10.5,85,light rain,6.1,0.55
Mont Saint Michel,2026-06-05 06:00:00,11.23,10.58,83,light rain,5.03,0.63
Mont Saint Michel,2026-06-05 09:00:00,15.18,14.32,60,light rain,5.1,0.36
Mont Saint Michel,2026-06-05 12:00:00,15.77,14.79,53,broken clouds,4.18,0
Mont Saint Michel,2026-06-05 15:00:00,17.12,16.25,52,overcast clouds,1.72,0
Mont Saint Michel,2026-06-05 18:00:00,14.97,14.3,68,overcast clouds,2.23,0
Mont Saint Michel,2026-06-05 21:00:00,12.46,11.72,75,overcast clouds,2.25,0
Mont Saint Michel,2026-06-06 00:00:00,10.63,9.89,82,overcast clouds,3.16,0
Mont Saint Michel,2026-06-06 03:00:00,12.45,11.66,73,overcast clouds,4.93,0
Mont Saint Michel,2026-06-06 06:00:00,13.68,12.98,72,overcast clouds,6.11,0
Mont Saint Michel,2026-06-06 09:00:00,18.27,17.77,62,broken clouds,7.51,0
Mont Saint Michel,2026-06-06 12:00:00,17.63,17.25,69,light rain,6.21,0.15
St Malo,2026-06-01 15:00:00,22.4,22.16,56,scattered clouds,2.98,0
St Malo,2026-06-01 18:00:00,19.97,19.77,67,broken clouds,1.93,0
St Malo,2026-06-01 21:00:00,16.23,16.34,93,moderate rain,6.19,4.64
St Malo,2026-06-02 00:00:00,15.92,16.02,94,light rain,7.05,0.5
St Malo,2026-06-02 03:00:00,14.94,14.84,90,moderate rain,7.22,3.45
St Malo,2026-06-02 06:00:00,13.96,13.76,90,broken clouds,7.4,0
St Malo,2026-06-02 09:00:00,15.89,15.49,75,light rain,8.5,0.14
St Malo,2026-06-02 12:00:00,16.53,16.14,73,light rain,9.18,0.55
St Malo,2026-06-02 15:00:00,16.27,15.94,76,light rain,10.77,0.49
St Malo,2026-06-02 18:00:00,15.9,15.56,77,light rain,9.5,0.11
St Malo,2026-06-02 21:00:00,14.1,13.81,86,clear sky,7.51,0
St Malo,2026-06-03 00:00:00,12.4,12.15,94,clear sky,6.63,0
St Malo,2026-06-03 03:00:00,11.98,11.61,91,few clouds,5.76,0
St Malo,2026-06-03 06:00:00,13.39,12.93,82,few clouds,6.23,0
St Malo,2026-06-03 09:00:00,15.92,15.58,77,broken clouds,8.55,0
St Malo,2026-06-03 12:00:00,17.05,17.06,86,light rain,9.07,0.23
St Malo,2026-06-03 15:00:00,19.99,19.74,65,light rain,9.02,0.49
St Malo,2026-06-03 18:00:00,18.04,17.68,68,light rain,9.14,0.13
St Malo,2026-06-03 21:00:00,15.04,14.74,82,light rain,8.87,0.18
St Malo,2026-06-04 00:00:00,13.98,13.47,78,light rain,9.5,0.1
St Malo,2026-06-04 03:00:00,13.53,13.03,80,overcast clouds,9.28,0
St Malo,2026-06-04 06:00:00,13.83,13.28,77,overcast clouds,9.2,0
St Malo,2026-06-04 09:00:00,14.89,14.18,67,overcast clouds,9.81,0
St Malo,2026-06-04 12:00:00,16.51,15.68,56,overcast clouds,8.57,0
St Malo,2026-06-04 15:00:00,14.94,14.29,69,light rain,10.92,0.62
St Malo,2026-06-04 18:00:00,13.51,12.93,77,light rain,10.46,1.02
St Malo,2026-06-04 21:00:00,12.62,11.87,74,light rain,9.46,0.17
St Malo,2026-06-05 00:00:00,11.95,11.26,79,light rain,8.93,0.15
St Malo,2026-06-05 03:00:00,11.8,11.15,81,light rain,7.1,0.61
St Malo,2026-06-05 06:00:00,12.11,11.33,75,light rain,5.95,0.34
St Malo,2026-06-05 09:00:00,14.93,13.97,57,light rain,5.35,0.12
St Malo,2026-06-05 12:00:00,15.23,14.27,56,broken clouds,3.24,0
St Malo,2026-06-05 15:00:00,14.61,13.85,66,overcast clouds,3.82,0
St Malo,2026-06-05 18:00:00,14.25,13.53,69,overcast clouds,2.68,0
St Malo,2026-06-05 21:00:00,13.58,12.8,69,overcast clouds,2.82,0
St Malo,2026-06-06 00:00:00,12.63,11.85,73,overcast clouds,4.43,0
St Malo,2026-06-06 03:00:00,13.55,12.81,71,overcast clouds,6.19,0
St Malo,2026-06-06 06:00:00,14.65,14,70,overcast clouds,6.92,0
St Malo,2026-06-06 09:00:00,18.04,17.54,63,broken clouds,8.38,0
St Malo,2026-06-06 12:00:00,18.97,18.67,67,light rain,8.85,0.33
Bayeux,2026-06-01 15:00:00,22.34,22.07,55,overcast clouds,2.46,0
Bayeux,2026-06-01 18:00:00,20.49,20.29,65,overcast clouds,1.47,0
Bayeux,2026-06-01 21:00:00,16.89,16.91,87,light rain,2.7,0.21
Bayeux,2026-06-02 00:00:00,16.42,16.55,93,light rain,5.03,0.36
Bayeux,2026-06-02 03:00:00,15.07,15.14,96,light rain,7.75,2.4
Bayeux,2026-06-02 06:00:00,14.68,14.68,95,light rain,6.74,1.68
Bayeux,2026-06-02 09:00:00,15.55,15.46,88,light rain,7.92,1
Bayeux,2026-06-02 12:00:00,16.9,16.58,74,light rain,9.36,1.22
Bayeux,2026-06-02 15:00:00,15.78,15.71,88,light rain,9.34,2.33
Bayeux,2026-06-02 18:00:00,14.73,14.53,87,light rain,8.65,1.07
Bayeux,2026-06-02 21:00:00,12.67,12.45,94,clear sky,6.82,0
Bayeux,2026-06-03 00:00:00,12.15,11.95,97,few clouds,5.72,0
Bayeux,2026-06-03 03:00:00,11.37,11.1,97,few clouds,4.92,0
Bayeux,2026-06-03 06:00:00,13.45,13.15,88,scattered clouds,6.07,0
Bayeux,2026-06-03 09:00:00,15.72,15.18,70,overcast clouds,6.48,0
Bayeux,2026-06-03 12:00:00,17.17,16.9,75,light rain,9.56,0.1
Bayeux,2026-06-03 15:00:00,17.37,17.38,85,light rain,8.75,0.47
Bayeux,2026-06-03 18:00:00,17.08,16.8,75,light rain,8.34,0.41
Bayeux,2026-06-03 21:00:00,15.18,14.74,76,light rain,7.84,0.14
Bayeux,2026-06-04 00:00:00,12.92,12.59,89,light rain,9.02,0.52
Bayeux,2026-06-04 03:00:00,12.67,12.21,85,broken clouds,9.13,0
Bayeux,2026-06-04 06:00:00,12.94,12.54,86,light rain,9.07,0.34
Bayeux,2026-06-04 09:00:00,14.14,13.67,79,light rain,9.81,0.45
Bayeux,2026-06-04 12:00:00,16.62,15.77,55,light rain,11.14,0.25
Bayeux,2026-06-04 15:00:00,16.15,15.34,58,broken clouds,11.03,0
Bayeux,2026-06-04 18:00:00,13.4,12.81,77,light rain,9.12,0.42
Bayeux,2026-06-04 21:00:00,10.92,10.31,86,light rain,7.25,0.18
Bayeux,2026-06-05 00:00:00,10.76,10.16,87,broken clouds,7.33,0
Bayeux,2026-06-05 03:00:00,10.53,10.09,94,light rain,5.09,0.21
Bayeux,2026-06-05 06:00:00,11.72,11.17,85,light rain,4.58,0.16
Bayeux,2026-06-05 09:00:00,14,13.15,65,light rain,4.73,0.23
Bayeux,2026-06-05 12:00:00,16.29,15.33,52,light rain,4.35,0.29
Bayeux,2026-06-05 15:00:00,17.79,16.83,46,broken clouds,5.12,0
Bayeux,2026-06-05 18:00:00,14.85,14.04,63,broken clouds,2.59,0
Bayeux,2026-06-05 21:00:00,12.72,11.82,68,overcast clouds,0.15,0
Bayeux,2026-06-06 00:00:00,10.37,9.55,80,overcast clouds,2.74,0
Bayeux,2026-06-06 03:00:00,11.2,10.31,74,broken clouds,3.66,0
Bayeux,2026-06-06 06:00:00,13.05,12.26,71,broken clouds,5.83,0
Bayeux,2026-06-06 09:00:00,16.8,16.15,62,overcast clouds,7.05,0
Bayeux,2026-06-06 12:00:00,20.02,19.57,57,overcast clouds,7.41,0
Le Havre,2026-06-01 15:00:00,20.69,20.38,60,scattered clouds,2.95,0
Le Havre,2026-06-01 18:00:00,19.16,18.78,63,broken clouds,2.8,0
Le Havre,2026-06-01 21:00:00,17.58,17.17,68,overcast clouds,2.36,0
Le Havre,2026-06-02 00:00:00,16.51,16.75,97,light rain,4.37,1.77
Le Havre,2026-06-02 03:00:00,15.14,15.16,94,light rain,6.87,2.12
Le Havre,2026-06-02 06:00:00,15.25,15.21,91,moderate rain,7.05,5.15
Le Havre,2026-06-02 09:00:00,15.53,15.38,86,light rain,8.54,0.87
Le Havre,2026-06-02 12:00:00,15.93,15.69,81,light rain,8.51,1.66
Le Havre,2026-06-02 15:00:00,15.71,15.48,82,light rain,9.85,1.66
Le Havre,2026-06-02 18:00:00,15.54,15.34,84,light rain,9.65,1.53
Le Havre,2026-06-02 21:00:00,14.9,14.74,88,light rain,10.15,0.67
Le Havre,2026-06-03 00:00:00,14.62,14.44,88,clear sky,9.01,0
Le Havre,2026-06-03 03:00:00,14.23,14.06,90,light rain,7.85,0.33
Le Havre,2026-06-03 06:00:00,13.82,13.63,91,light rain,8.22,0.27
Le Havre,2026-06-03 09:00:00,16.13,15.68,72,light rain,7.78,0.15
Le Havre,2026-06-03 12:00:00,16.77,16.49,76,overcast clouds,9.14,0
Le Havre,2026-06-03 15:00:00,16.32,16.33,89,light rain,10.51,0.54
Le Havre,2026-06-03 18:00:00,16.47,16.42,86,light rain,6.76,1.31
Le Havre,2026-06-03 21:00:00,15.83,15.61,82,light rain,7.7,0.31
Le Havre,2026-06-04 00:00:00,14.85,14.64,86,light rain,11.05,1.46
Le Havre,2026-06-04 03:00:00,14.32,13.95,82,light rain,11.62,0.49
Le Havre,2026-06-04 06:00:00,14.4,14.01,81,light rain,12.02,0.48
Le Havre,2026-06-04 09:00:00,14.42,13.95,78,light rain,12.17,0.75
Le Havre,2026-06-04 12:00:00,15.35,14.82,72,light rain,11.16,0.7
Le Havre,2026-06-04 15:00:00,15.72,15.12,68,light rain,11.56,0.5
Le Havre,2026-06-04 18:00:00,14.26,13.75,77,light rain,11.74,1.01
Le Havre,2026-06-04 21:00:00,13.49,12.96,79,light rain,11.5,1.03
Le Havre,2026-06-05 00:00:00,13.23,12.65,78,light rain,10.4,0.26
Le Havre,2026-06-05 03:00:00,13.59,13.12,81,light rain,9.63,0.64
Le Havre,2026-06-05 06:00:00,13.47,12.91,78,light rain,8.14,0.95
Le Havre,2026-06-05 09:00:00,13.46,12.85,76,light rain,6.77,0.92
Le Havre,2026-06-05 12:00:00,14.96,14.05,59,overcast clouds,5.11,0
Le Havre,2026-06-05 15:00:00,15.51,14.63,58,scattered clouds,4.37,0
Le Havre,2026-06-05 18:00:00,14.72,13.79,59,scattered clouds,0.35,0
Le Havre,2026-06-05 21:00:00,14.68,13.82,62,overcast clouds,2.68,0
Le Havre,2026-06-06 00:00:00,13.89,13.19,71,overcast clouds,5.14,0
Le Havre,2026-06-06 03:00:00,12.86,12.16,75,broken clouds,5.15,0
Le Havre,2026-06-06 06:00:00,13.88,13.15,70,overcast clouds,6.7,0
Le Havre,2026-06-06 09:00:00,16.43,15.88,67,broken clouds,7.64,0
Le Havre,2026-06-06 12:00:00,18.72,18.32,64,broken clouds,5.03,0
Rouen,2026-06-01 15:00:00,23.18,22.86,50,broken clouds,3.72,0
Rouen,2026-06-01 18:00:00,23.48,23.4,58,broken clouds,3.88,0
Rouen,2026-06-01 21:00:00,20.13,20.29,80,overcast clouds,0.67,0
Rouen,2026-06-02 00:00:00,18.78,18.8,80,overcast clouds,3.21,0
Rouen,2026-06-02 03:00:00,15.66,15.68,92,broken clouds,3.2,0
Rouen,2026-06-02 06:00:00,16.08,16.28,97,moderate rain,5.21,4.32
Rouen,2026-06-02 09:00:00,16.86,16.79,84,light rain,6.69,0.82
Rouen,2026-06-02 12:00:00,16.94,16.83,82,light rain,7.59,1.95
Rouen,2026-06-02 15:00:00,17.36,17.06,73,light rain,8.02,1.9
Rouen,2026-06-02 18:00:00,14.47,14.37,92,light rain,6.66,2.35
Rouen,2026-06-02 21:00:00,12.8,12.62,95,light rain,5.94,0.22
Rouen,2026-06-03 00:00:00,13.31,13.12,93,scattered clouds,6.5,0
Rouen,2026-06-03 03:00:00,13.27,13.05,92,overcast clouds,5.18,0
Rouen,2026-06-03 06:00:00,13.46,13.16,88,overcast clouds,5.23,0
Rouen,2026-06-03 09:00:00,15.73,15.26,73,overcast clouds,6.1,0
Rouen,2026-06-03 12:00:00,17.68,17.15,63,overcast clouds,5.76,0
Rouen,2026-06-03 15:00:00,17.58,17.4,77,light rain,8.54,0.15
Rouen,2026-06-03 18:00:00,16.55,16.61,90,light rain,7.73,0.55
Rouen,2026-06-03 21:00:00,14.87,14.81,92,light rain,5.08,1.85
Rouen,2026-06-04 00:00:00,13.51,13.34,93,light rain,7.45,0.9
Rouen,2026-06-04 03:00:00,11.94,11.54,90,light rain,6.52,0.28
Rouen,2026-06-04 06:00:00,13.17,12.79,86,broken clouds,7.65,0
Rouen,2026-06-04 09:00:00,15.03,14.49,73,light rain,8.07,0.18
Rouen,2026-06-04 12:00:00,16.32,15.73,66,light rain,8.55,0.71
Rouen,2026-06-04 15:00:00,16.79,16.07,59,light rain,7.61,0.51
Rouen,2026-06-04 18:00:00,14.33,13.67,71,light rain,7.71,0.57
Rouen,2026-06-04 21:00:00,11.12,10.53,86,broken clouds,6.43,0
Rouen,2026-06-05 00:00:00,10.02,9.45,91,light rain,6.13,0.16
Rouen,2026-06-05 03:00:00,10.47,9.87,88,broken clouds,6.17,0
Rouen,2026-06-05 06:00:00,12.25,11.91,91,light rain,4.79,0.47
Rouen,2026-06-05 09:00:00,14.08,13.74,84,light rain,6.4,1.42
Rouen,2026-06-05 12:00:00,15.83,15.01,59,light rain,5.54,0.69
Rouen,2026-06-05 15:00:00,16.4,15.53,55,light rain,4.51,0.15
Rouen,2026-06-05 18:00:00,15.77,15.05,63,overcast clouds,2.41,0
Rouen,2026-06-05 21:00:00,11.45,10.64,76,overcast clouds,0.84,0
Rouen,2026-06-06 00:00:00,11.76,10.95,75,overcast clouds,2.02,0
Rouen,2026-06-06 03:00:00,9.5,8.18,86,overcast clouds,2.57,0
Rouen,2026-06-06 06:00:00,12.15,11.41,76,overcast clouds,2.92,0
Rouen,2026-06-06 09:00:00,18.02,17.21,51,broken clouds,6,0
Rouen,2026-06-06 12:00:00,21.4,20.8,46,scattered clouds,5.72,0
Paris,2026-06-01 15:00:00,24.23,23.86,44,scattered clouds,2.85,0
Paris,2026-06-01 18:00:00,24.8,24.43,42,broken clouds,2.53,0
Paris,2026-06-01 21:00:00,22.81,22.56,54,overcast clouds,1.85,0
Paris,2026-06-02 00:00:00,20.29,19.94,60,overcast clouds,2.42,0
Paris,2026-06-02 03:00:00,17.25,16.57,59,overcast clouds,3.13,0
Paris,2026-06-02 06:00:00,18.99,19.03,80,light rain,4.05,0.12
Paris,2026-06-02 09:00:00,16.06,16.12,92,moderate rain,4.85,7.22
Paris,2026-06-02 12:00:00,17.7,17.64,81,light rain,4.8,2.73
Paris,2026-06-02 15:00:00,17.53,17.38,78,moderate rain,5.11,3.19
Paris,2026-06-02 18:00:00,15.63,15.44,84,light rain,4.67,2.71
Paris,2026-06-02 21:00:00,13.85,13.61,89,light rain,4.14,0.72
Paris,2026-06-03 00:00:00,12.67,12.37,91,scattered clouds,3.66,0
Paris,2026-06-03 03:00:00,12.7,12.3,87,broken clouds,4.1,0
Paris,2026-06-03 06:00:00,14.67,14.02,70,broken clouds,3.93,0
Paris,2026-06-03 09:00:00,17.19,16.56,61,overcast clouds,4.75,0
Paris,2026-06-03 12:00:00,18.98,18.34,54,overcast clouds,5.58,0
Paris,2026-06-03 15:00:00,18.69,18.29,64,overcast clouds,6.02,0
Paris,2026-06-03 18:00:00,17.27,17.09,78,light rain,6.22,0.14
Paris,2026-06-03 21:00:00,17.14,17.08,83,light rain,6.31,0.22
Paris,2026-06-04 00:00:00,15.43,15.2,83,light rain,6.17,0.6
Paris,2026-06-04 03:00:00,15.26,14.9,79,light rain,5.96,0.14
Paris,2026-06-04 06:00:00,15.64,15.04,68,overcast clouds,5.64,0
Paris,2026-06-04 09:00:00,17.82,17.07,54,light rain,6.49,0.1
Paris,2026-06-04 12:00:00,18.4,17.78,57,light rain,6.34,0.28
Paris,2026-06-04 15:00:00,17.36,16.72,60,light rain,5.68,0.53
Paris,2026-06-04 18:00:00,15.59,14.95,67,light rain,5.99,0.66
Paris,2026-06-04 21:00:00,13.03,12.32,74,light rain,4.4,0.6
Paris,2026-06-05 00:00:00,11.6,10.77,75,broken clouds,4.36,0
Paris,2026-06-05 03:00:00,10.48,9.67,80,clear sky,4.26,0
Paris,2026-06-05 06:00:00,11.5,10.59,72,few clouds,4.44,0
Paris,2026-06-05 09:00:00,15.34,14.57,63,broken clouds,3.82,0
Paris,2026-06-05 12:00:00,17.81,17.08,55,light rain,3.9,1.05
Paris,2026-06-05 15:00:00,17.2,16.46,57,light rain,3.59,0.62
Paris,2026-06-05 18:00:00,17.09,16.32,56,light rain,2.36,0.16
Paris,2026-06-05 21:00:00,14.33,13.72,73,light rain,0.53,0.17
Paris,2026-06-06 00:00:00,13.56,12.88,73,overcast clouds,1.62,0
Paris,2026-06-06 03:00:00,12.65,11.77,69,overcast clouds,1.77,0
Paris,2026-06-06 06:00:00,14.1,13.18,62,overcast clouds,2.52,0
Paris,2026-06-06 09:00:00,18.94,18.14,48,few clouds,3.8,0
Paris,2026-06-06 12:00:00,22.4,21.58,34,scattered clouds,4.52,0
Amiens,2026-06-01 15:00:00,22.83,22.6,55,broken clouds,3.57,0
Amiens,2026-06-01 18:00:00,22.06,22.02,65,broken clouds,2.22,0
Amiens,2026-06-01 21:00:00,18.8,18.56,70,overcast clouds,2.84,0
Amiens,2026-06-02 00:00:00,18,17.63,68,overcast clouds,3,0
Amiens,2026-06-02 03:00:00,16.05,16.09,91,light rain,2.25,0.51
Amiens,2026-06-02 06:00:00,17.26,17.44,92,light rain,5.27,0.26
Amiens,2026-06-02 09:00:00,16.31,16.32,89,light rain,4.77,1.46
Amiens,2026-06-02 12:00:00,16.97,16.86,82,light rain,6.06,2.58
Amiens,2026-06-02 15:00:00,17.61,17.33,73,light rain,7.11,1.54
Amiens,2026-06-02 18:00:00,15.01,14.71,82,light rain,5.84,0.99
Amiens,2026-06-02 21:00:00,12.1,11.77,92,broken clouds,4.89,0
Amiens,2026-06-03 00:00:00,12.05,11.82,96,scattered clouds,6.04,0
Amiens,2026-06-03 03:00:00,12.96,12.66,90,broken clouds,6.8,0
Amiens,2026-06-03 06:00:00,14.08,13.71,83,broken clouds,6.19,0
Amiens,2026-06-03 09:00:00,15.71,15.19,71,overcast clouds,6.43,0
Amiens,2026-06-03 12:00:00,17.49,17.02,66,light rain,7.16,0.12
Amiens,2026-06-03 15:00:00,17.97,17.7,72,overcast clouds,8.78,0
Amiens,2026-06-03 18:00:00,16.55,16.4,82,light rain,8.56,0.18
Amiens,2026-06-03 21:00:00,15.29,15.25,91,light rain,7.49,1.14
Amiens,2026-06-04 00:00:00,13.61,13.48,94,light rain,5.58,1.29
Amiens,2026-06-04 03:00:00,12.85,12.57,91,light rain,7.74,0.81
Amiens,2026-06-04 06:00:00,12.9,12.54,88,broken clouds,7.89,0
Amiens,2026-06-04 09:00:00,15.11,14.69,77,overcast clouds,8.53,0
Amiens,2026-06-04 12:00:00,15.89,15.47,74,light rain,8.13,0.51
Amiens,2026-06-04 15:00:00,15.68,15.18,72,light rain,7.49,0.67
Amiens,2026-06-04 18:00:00,14.7,14.05,70,light rain,7.2,0.47
Amiens,2026-06-04 21:00:00,12.32,11.59,76,overcast clouds,7.32,0
Amiens,2026-06-05 00:00:00,10.48,9.88,88,overcast clouds,6.89,0
Amiens,2026-06-05 03:00:00,9.17,6.03,92,light rain,6.48,0.14
Amiens,2026-06-05 06:00:00,11.73,11.23,87,broken clouds,6.09,0
Amiens,2026-06-05 09:00:00,14.24,13.73,77,light rain,6.29,0.46
Amiens,2026-06-05 12:00:00,14.4,13.91,77,light rain,5.3,0.7
Amiens,2026-06-05 15:00:00,15.87,14.9,53,overcast clouds,6.03,0
Amiens,2026-06-05 18:00:00,14.94,14.24,67,broken clouds,3,0
Amiens,2026-06-05 21:00:00,10,10,82,overcast clouds,1.1,0
Amiens,2026-06-06 00:00:00,9.48,8.54,86,overcast clouds,2.06,0
Amiens,2026-06-06 03:00:00,8.88,7.08,91,overcast clouds,3.15,0
Amiens,2026-06-06 06:00:00,12.63,12.01,79,broken clouds,4.18,0
Amiens,2026-06-06 09:00:00,17.52,16.92,61,few clouds,5.82,0
Amiens,2026-06-06 12:00:00,20.41,19.84,51,few clouds,6.09,0
Lille,2026-06-01 15:00:00,23.22,22.98,53,broken clouds,3.95,0
Lille,2026-06-01 18:00:00,22.25,21.99,56,overcast clouds,2.63,0
Lille,2026-06-01 21:00:00,17.47,17.02,67,overcast clouds,1.81,0
Lille,2026-06-02 00:00:00,16.67,16.19,69,overcast clouds,3.67,0
Lille,2026-06-02 03:00:00,16.46,15.94,68,overcast clouds,5.26,0
Lille,2026-06-02 06:00:00,17.66,17.6,81,light rain,4.19,0.3
Lille,2026-06-02 09:00:00,15.61,15.6,91,moderate rain,4.88,3.68
Lille,2026-06-02 12:00:00,18.76,18.57,72,light rain,6,1.04
Lille,2026-06-02 15:00:00,18.69,18.21,61,light rain,6.97,1.14
Lille,2026-06-02 18:00:00,16.5,16.01,69,overcast clouds,6.06,0
Lille,2026-06-02 21:00:00,13.07,12.73,88,broken clouds,4.4,0
Lille,2026-06-03 00:00:00,12.72,12.45,92,scattered clouds,4.71,0
Lille,2026-06-03 03:00:00,12.35,12.1,94,scattered clouds,4.64,0
Lille,2026-06-03 06:00:00,14.37,14.06,84,scattered clouds,5.56,0
Lille,2026-06-03 09:00:00,16.77,16.28,68,light rain,6.76,0.25
Lille,2026-06-03 12:00:00,16.93,16.53,71,light rain,6.82,0.3
Lille,2026-06-03 15:00:00,17.27,16.7,63,light rain,6.74,0.17
Lille,2026-06-03 18:00:00,16.68,16.49,80,light rain,7.74,0.23
Lille,2026-06-03 21:00:00,14.91,14.86,92,light rain,6.72,2.67
Lille,2026-06-04 00:00:00,13.29,12.97,88,light rain,5.78,0.3
Lille,2026-06-04 03:00:00,13.59,13.3,88,light rain,7.15,1.7
Lille,2026-06-04 06:00:00,13.22,12.79,84,light rain,7.5,0.28
Lille,2026-06-04 09:00:00,15.94,15.47,72,overcast clouds,8.98,0
Lille,2026-06-04 12:00:00,16.67,16.17,68,light rain,8.8,0.69
Lille,2026-06-04 15:00:00,16.16,15.55,66,light rain,8.2,0.54
Lille,2026-06-04 18:00:00,15.28,14.56,65,overcast clouds,7.09,0
Lille,2026-06-04 21:00:00,12.91,12.19,74,overcast clouds,6.45,0
Lille,2026-06-05 00:00:00,11.6,11.01,84,light rain,5.96,0.17
Lille,2026-06-05 03:00:00,11.59,11.26,94,moderate rain,5.81,4.68
Lille,2026-06-05 06:00:00,11.55,11.16,92,light rain,5.85,0.21
Lille,2026-06-05 09:00:00,15.27,14.76,73,light rain,5.52,0.85
Lille,2026-06-05 12:00:00,17.28,16.45,53,light rain,7.14,1.07
Lille,2026-06-05 15:00:00,16.94,15.86,45,broken clouds,7.14,0
Lille,2026-06-05 18:00:00,15.01,13.98,54,scattered clouds,4.96,0
Lille,2026-06-05 21:00:00,10.85,9.92,74,clear sky,2.16,0
Lille,2026-06-06 00:00:00,10.37,9.47,77,broken clouds,2.12,0
Lille,2026-06-06 03:00:00,10.33,9.35,74,overcast clouds,2.76,0
Lille,2026-06-06 06:00:00,12.51,11.77,75,overcast clouds,4.1,0
Lille,2026-06-06 09:00:00,18.08,17.35,54,few clouds,5.88,0
Lille,2026-06-06 12:00:00,21.01,20.34,45,few clouds,6.2,0
Strasbourg,2026-06-01 15:00:00,23.07,22.66,47,broken clouds,0.94,0
Strasbourg,2026-06-01 18:00:00,22.9,22.66,54,overcast clouds,1.82,0
Strasbourg,2026-06-01 21:00:00,18.22,17.77,64,broken clouds,1.3,0
Strasbourg,2026-06-02 00:00:00,17.31,16.98,72,broken clouds,0.27,0
Strasbourg,2026-06-02 03:00:00,17.63,17.51,79,overcast clouds,1.8,0
Strasbourg,2026-06-02 06:00:00,18.73,18.64,76,overcast clouds,2.75,0
Strasbourg,2026-06-02 09:00:00,23.25,23.09,56,overcast clouds,2.15,0
Strasbourg,2026-06-02 12:00:00,24.41,24.37,56,light rain,2.82,0.68
Strasbourg,2026-06-02 15:00:00,18.38,18.41,82,moderate rain,6.07,3.18
Strasbourg,2026-06-02 18:00:00,16.24,16.14,85,light rain,4.37,1.92
Strasbourg,2026-06-02 21:00:00,13.6,13.34,89,light rain,3.92,1.1
Strasbourg,2026-06-03 00:00:00,12.26,11.87,89,light rain,3.53,0.13
Strasbourg,2026-06-03 03:00:00,10.9,10.42,91,scattered clouds,2.95,0
Strasbourg,2026-06-03 06:00:00,13.3,12.83,82,light rain,3.98,0.12
Strasbourg,2026-06-03 09:00:00,15.85,15.21,66,light rain,4.66,0.13
Strasbourg,2026-06-03 12:00:00,18.95,18.28,53,light rain,5.18,0.1
Strasbourg,2026-06-03 15:00:00,19.63,19.11,56,broken clouds,3.59,0
Strasbourg,2026-06-03 18:00:00,18.64,18.2,63,light rain,3.45,0.1
Strasbourg,2026-06-03 21:00:00,14.71,14.19,75,overcast clouds,3.49,0
Strasbourg,2026-06-04 00:00:00,13.77,13.13,74,overcast clouds,4.64,0
Strasbourg,2026-06-04 03:00:00,13.85,13.07,68,overcast clouds,4.84,0
Strasbourg,2026-06-04 06:00:00,15.83,15.24,68,overcast clouds,4.42,0
Strasbourg,2026-06-04 09:00:00,21.43,20.96,51,light rain,6.93,0.13
Strasbourg,2026-06-04 12:00:00,22.28,21.82,48,overcast clouds,6.96,0
Strasbourg,2026-06-04 15:00:00,20.75,20.34,56,light rain,6.69,0.11
Strasbourg,2026-06-04 18:00:00,14.66,14.43,86,light rain,4.82,2.45
Strasbourg,2026-06-04 21:00:00,12.72,12.45,92,light rain,3.53,1.67
Strasbourg,2026-06-05 00:00:00,11.88,11.47,90,light rain,3.89,2.38
Strasbourg,2026-06-05 03:00:00,10.29,9.86,95,light rain,3.4,0.33
Strasbourg,2026-06-05 06:00:00,12.52,11.97,82,scattered clouds,3.68,0
Strasbourg,2026-06-05 09:00:00,16.21,15.27,53,light rain,5.02,0.14
Strasbourg,2026-06-05 12:00:00,17.21,16.27,49,broken clouds,3.6,0
Strasbourg,2026-06-05 15:00:00,17.68,16.81,50,overcast clouds,3.66,0
Strasbourg,2026-06-05 18:00:00,16.75,16.07,61,broken clouds,1.94,0
Strasbourg,2026-06-05 21:00:00,11.92,11.02,71,few clouds,0.99,0
Strasbourg,2026-06-06 00:00:00,10.33,9.48,79,scattered clouds,0.43,0
Strasbourg,2026-06-06 03:00:00,9.41,9.41,81,overcast clouds,0.89,0
Strasbourg,2026-06-06 06:00:00,12.39,11.54,71,overcast clouds,1.95,0
Strasbourg,2026-06-06 09:00:00,16.73,15.97,58,overcast clouds,2.23,0
Strasbourg,2026-06-06 12:00:00,21.43,20.75,43,broken clouds,2.33,0
Chateau du Haut Koenigsbourg,2026-06-01 15:00:00,20.29,19.63,48,overcast clouds,1.79,0
Chateau du Haut Koenigsbourg,2026-06-01 18:00:00,19.63,19.4,67,light rain,1.64,0.1
Chateau du Haut Koenigsbourg,2026-06-01 21:00:00,15.43,15.27,86,light rain,0.88,0.17
Chateau du Haut Koenigsbourg,2026-06-02 00:00:00,14.53,14.34,88,overcast clouds,1.12,0
Chateau du Haut Koenigsbourg,2026-06-02 03:00:00,14.68,14.55,90,overcast clouds,1.45,0
Chateau du Haut Koenigsbourg,2026-06-02 06:00:00,17.12,17,81,overcast clouds,0.92,0
Chateau du Haut Koenigsbourg,2026-06-02 09:00:00,20.53,20.21,60,light rain,0.69,0.19
Chateau du Haut Koenigsbourg,2026-06-02 12:00:00,18.37,18.33,79,light rain,2.8,1.34
Chateau du Haut Koenigsbourg,2026-06-02 15:00:00,15.23,14.98,83,light rain,3.88,2.06
Chateau du Haut Koenigsbourg,2026-06-02 18:00:00,13.02,12.65,87,light rain,4.2,1.09
Chateau du Haut Koenigsbourg,2026-06-02 21:00:00,10.34,9.81,91,light rain,2.38,0.13
Chateau du Haut Koenigsbourg,2026-06-03 00:00:00,8.75,7.48,92,scattered clouds,2.31,0
Chateau du Haut Koenigsbourg,2026-06-03 03:00:00,7.69,6.35,95,scattered clouds,2.17,0
Chateau du Haut Koenigsbourg,2026-06-03 06:00:00,10.75,10,81,broken clouds,2.98,0
Chateau du Haut Koenigsbourg,2026-06-03 09:00:00,12.21,11.39,73,overcast clouds,3.36,0
Chateau du Haut Koenigsbourg,2026-06-03 12:00:00,16.26,15.38,55,broken clouds,3.03,0
Chateau du Haut Koenigsbourg,2026-06-03 15:00:00,17.16,16.39,56,light rain,3.47,0.1
Chateau du Haut Koenigsbourg,2026-06-03 18:00:00,15.39,14.66,64,light rain,2.98,0.15
Chateau du Haut Koenigsbourg,2026-06-03 21:00:00,11.72,10.91,75,overcast clouds,2.21,0
Chateau du Haut Koenigsbourg,2026-06-04 00:00:00,11.45,10.53,72,overcast clouds,2.53,0
Chateau du Haut Koenigsbourg,2026-06-04 03:00:00,12.53,11.67,70,overcast clouds,2.84,0
Chateau du Haut Koenigsbourg,2026-06-04 06:00:00,14.71,14.09,71,overcast clouds,3.28,0
Chateau du Haut Koenigsbourg,2026-06-04 09:00:00,18.91,18.11,48,overcast clouds,5.82,0
Chateau du Haut Koenigsbourg,2026-06-04 12:00:00,18.53,17.8,52,overcast clouds,5.75,0
Chateau du Haut Koenigsbourg,2026-06-04 15:00:00,16.44,15.86,66,light rain,5.36,0.24
Chateau du Haut Koenigsbourg,2026-06-04 18:00:00,11.85,11.39,88,light rain,2.94,1.09
Chateau du Haut Koenigsbourg,2026-06-04 21:00:00,9.42,7.52,93,light rain,3.53,2.36
Chateau du Haut Koenigsbourg,2026-06-05 00:00:00,8.79,7.66,95,light rain,2.15,1.11
Chateau du Haut Koenigsbourg,2026-06-05 03:00:00,6.9,5.47,94,light rain,2.12,0.19
Chateau du Haut Koenigsbourg,2026-06-05 06:00:00,9.29,8.24,84,broken clouds,2.15,0
Chateau du Haut Koenigsbourg,2026-06-05 09:00:00,12.36,11.17,58,light rain,2.66,0.16
Chateau du Haut Koenigsbourg,2026-06-05 12:00:00,15.27,14.03,45,broken clouds,3.67,0
Chateau du Haut Koenigsbourg,2026-06-05 15:00:00,14.26,13.1,52,broken clouds,2.68,0
Chateau du Haut Koenigsbourg,2026-06-05 18:00:00,14,13.02,60,broken clouds,0.87,0
Chateau du Haut Koenigsbourg,2026-06-05 21:00:00,8.34,6.98,76,clear sky,2.34,0
Chateau du Haut Koenigsbourg,2026-06-06 00:00:00,7.3,6.68,82,scattered clouds,1.41,0
Chateau du Haut Koenigsbourg,2026-06-06 03:00:00,7.12,7.12,83,overcast clouds,0.78,0
Chateau du Haut Koenigsbourg,2026-06-06 06:00:00,10.8,9.74,69,overcast clouds,0.95,0
Chateau du Haut Koenigsbourg,2026-06-06 09:00:00,15.56,14.53,52,overcast clouds,1.63,0
Chateau du Haut Koenigsbourg,2026-06-06 12:00:00,20.35,19.43,38,overcast clouds,2.76,0
Colmar,2026-06-01 15:00:00,23.16,22.84,50,light rain,1.67,0.19
Colmar,2026-06-01 18:00:00,22.23,22.26,67,overcast clouds,1.52,0
Colmar,2026-06-01 21:00:00,17.94,18.06,87,light rain,1.32,0.16
Colmar,2026-06-02 00:00:00,17.12,17.21,89,overcast clouds,1.35,0
Colmar,2026-06-02 03:00:00,17.31,17.47,91,overcast clouds,1.68,0
Colmar,2026-06-02 06:00:00,20.01,20.18,81,overcast clouds,1.71,0
Colmar,2026-06-02 09:00:00,23.54,23.39,55,broken clouds,1.75,0
Colmar,2026-06-02 12:00:00,23.51,23.48,60,light rain,3.61,0.57
Colmar,2026-06-02 15:00:00,18.84,18.69,73,light rain,2.74,1.62
Colmar,2026-06-02 18:00:00,15.5,15.38,87,light rain,4.08,1.71
Colmar,2026-06-02 21:00:00,12.43,12.13,92,scattered clouds,2,0
Colmar,2026-06-03 00:00:00,11.18,10.76,92,scattered clouds,2.08,0
Colmar,2026-06-03 03:00:00,10.09,9.61,94,broken clouds,2.01,0
Colmar,2026-06-03 06:00:00,13.47,13.01,82,broken clouds,2.76,0
Colmar,2026-06-03 09:00:00,15.67,15.02,66,broken clouds,2.82,0
Colmar,2026-06-03 12:00:00,19.92,19.22,48,broken clouds,2.35,0
Colmar,2026-06-03 15:00:00,20.31,19.73,51,broken clouds,4.05,0
Colmar,2026-06-03 18:00:00,17.98,17.53,65,broken clouds,2.72,0
Colmar,2026-06-03 21:00:00,14.01,13.42,75,overcast clouds,2.42,0
Colmar,2026-06-04 00:00:00,13.56,12.9,74,overcast clouds,2.83,0
Colmar,2026-06-04 03:00:00,14.66,13.98,69,overcast clouds,3.36,0
Colmar,2026-06-04 06:00:00,17.32,16.88,68,overcast clouds,3.95,0
Colmar,2026-06-04 09:00:00,21.32,20.79,49,overcast clouds,6.45,0
Colmar,2026-06-04 12:00:00,21.66,21.13,48,overcast clouds,5.89,0
Colmar,2026-06-04 15:00:00,19.16,18.75,62,overcast clouds,6.33,0
Colmar,2026-06-04 18:00:00,14.96,14.7,84,light rain,1.48,0.7
Colmar,2026-06-04 21:00:00,12.24,11.95,93,light rain,2.28,2.48
Colmar,2026-06-05 00:00:00,11.02,10.66,95,light rain,2.77,0.69
Colmar,2026-06-05 03:00:00,9.53,8.89,94,light rain,1.72,0.19
Colmar,2026-06-05 06:00:00,12.58,12.06,83,broken clouds,1.7,0
Colmar,2026-06-05 09:00:00,16.11,15.11,51,light rain,2.02,0.16
Colmar,2026-06-05 12:00:00,18.54,17.52,41,broken clouds,3.07,0
Colmar,2026-06-05 15:00:00,18.24,17.32,46,scattered clouds,2.71,0
Colmar,2026-06-05 18:00:00,16.86,16.17,60,scattered clouds,0.41,0
Colmar,2026-06-05 21:00:00,11.14,10.22,73,clear sky,2.16,0
Colmar,2026-06-06 00:00:00,10,9.62,76,scattered clouds,1.53,0
Colmar,2026-06-06 03:00:00,9.75,9.75,77,overcast clouds,0.94,0
Colmar,2026-06-06 06:00:00,13.14,12.26,67,overcast clouds,0.93,0
Colmar,2026-06-06 09:00:00,17.74,16.93,52,overcast clouds,1.83,0
Colmar,2026-06-06 12:00:00,22.42,21.76,40,overcast clouds,3.77,0
Eguisheim,2026-06-01 15:00:00,23.05,22.72,50,light rain,1.42,0.24
Eguisheim,2026-06-01 18:00:00,21.99,21.99,67,overcast clouds,1.42,0
Eguisheim,2026-06-01 21:00:00,17.59,17.7,88,light rain,1.36,0.17
Eguisheim,2026-06-02 00:00:00,16.81,16.9,90,overcast clouds,1.34,0
Eguisheim,2026-06-02 03:00:00,17,17.11,90,overcast clouds,1.68,0
Eguisheim,2026-06-02 06:00:00,19.68,19.79,80,overcast clouds,1.74,0
Eguisheim,2026-06-02 09:00:00,23.39,23.19,54,broken clouds,1.76,0
Eguisheim,2026-06-02 12:00:00,23.61,23.51,57,light rain,3.93,0.37
Eguisheim,2026-06-02 15:00:00,18.51,18.27,71,light rain,2.99,1.45
Eguisheim,2026-06-02 18:00:00,15.15,14.99,87,light rain,4.18,1.73
Eguisheim,2026-06-02 21:00:00,12.07,11.73,92,scattered clouds,2.02,0
Eguisheim,2026-06-03 00:00:00,10.85,10.37,91,scattered clouds,2.17,0
Eguisheim,2026-06-03 03:00:00,9.91,8.95,94,broken clouds,2.18,0
Eguisheim,2026-06-03 06:00:00,13.03,12.56,83,broken clouds,2.75,0
Eguisheim,2026-06-03 09:00:00,15.21,14.51,66,overcast clouds,2.7,0
Eguisheim,2026-06-03 12:00:00,19.61,18.88,48,broken clouds,2.49,0
Eguisheim,2026-06-03 15:00:00,20,19.39,51,scattered clouds,4.23,0
Eguisheim,2026-06-03 18:00:00,17.65,17.17,65,broken clouds,2.85,0
Eguisheim,2026-06-03 21:00:00,13.71,13.07,74,overcast clouds,2.34,0
Eguisheim,2026-06-04 00:00:00,13.42,12.72,73,overcast clouds,2.66,0
Eguisheim,2026-06-04 03:00:00,14.45,13.73,68,overcast clouds,3.22,0
Eguisheim,2026-06-04 06:00:00,17.21,16.74,67,overcast clouds,3.96,0
Eguisheim,2026-06-04 09:00:00,20.69,20.15,51,overcast clouds,6.61,0
Eguisheim,2026-06-04 12:00:00,21.43,20.88,48,overcast clouds,5.96,0
Eguisheim,2026-06-04 15:00:00,18.64,18.2,63,light rain,6.44,0.12
Eguisheim,2026-06-04 18:00:00,14.5,14.25,86,light rain,1.47,0.91
Eguisheim,2026-06-04 21:00:00,11.82,11.49,93,light rain,2.23,2.82
Eguisheim,2026-06-05 00:00:00,10.61,10.23,96,light rain,2.71,0.75
Eguisheim,2026-06-05 03:00:00,9.25,8.42,94,light rain,1.88,0.2
Eguisheim,2026-06-05 06:00:00,12.29,11.74,83,broken clouds,1.83,0
Eguisheim,2026-06-05 09:00:00,15.91,14.89,51,light rain,2.25,0.15
Eguisheim,2026-06-05 12:00:00,18.02,16.97,42,scattered clouds,2.97,0
Eguisheim,2026-06-05 15:00:00,18.21,17.26,45,scattered clouds,2.83,0
Eguisheim,2026-06-05 18:00:00,16.55,15.83,60,scattered clouds,0.51,0
Eguisheim,2026-06-05 21:00:00,10.9,9.93,72,clear sky,2.17,0
Eguisheim,2026-06-06 00:00:00,9.85,9.47,74,scattered clouds,1.51,0
Eguisheim,2026-06-06 03:00:00,9.64,9.64,75,overcast clouds,0.99,0
Eguisheim,2026-06-06 06:00:00,13,12.08,66,overcast clouds,0.87,0
Eguisheim,2026-06-06 09:00:00,17.57,16.71,51,overcast clouds,1.87,0
Eguisheim,2026-06-06 12:00:00,22.15,21.47,40,overcast clouds,3.64,0
Besancon,2026-06-01 15:00:00,23.58,23.56,60,overcast clouds,2.42,0
Besancon,2026-06-01 18:00:00,22.71,22.92,72,broken clouds,1.17,0
Besancon,2026-06-01 21:00:00,17.89,18.01,87,overcast clouds,1.42,0
Besancon,2026-06-02 00:00:00,17.86,17.87,83,overcast clouds,1.72,0
Besancon,2026-06-02 03:00:00,17.73,17.57,77,overcast clouds,1.32,0
Besancon,2026-06-02 06:00:00,18.72,19.08,93,light rain,1.66,0.51
Besancon,2026-06-02 09:00:00,20.65,20.6,70,light rain,4.39,0.43
Besancon,2026-06-02 12:00:00,18.8,19.16,93,light rain,5.7,1.36
Besancon,2026-06-02 15:00:00,14.15,14.15,97,moderate rain,4.76,7.65
Besancon,2026-06-02 18:00:00,15.34,15.38,94,light rain,5.22,0.81
Besancon,2026-06-02 21:00:00,11.51,11.25,97,light rain,2.74,2.2
Besancon,2026-06-03 00:00:00,11.4,11.15,98,light rain,3.6,2.65
Besancon,2026-06-03 03:00:00,10.7,10.41,99,light rain,4.08,0.97
Besancon,2026-06-03 06:00:00,11.84,11.64,98,light rain,3.6,0.1
Besancon,2026-06-03 09:00:00,13.1,12.89,93,light rain,3.97,0.4
Besancon,2026-06-03 12:00:00,19.16,18.54,54,light rain,4.91,0.64
Besancon,2026-06-03 15:00:00,19.78,19.17,52,broken clouds,5.04,0
Besancon,2026-06-03 18:00:00,17.33,16.84,66,broken clouds,3.04,0
Besancon,2026-06-03 21:00:00,13.98,13.31,72,overcast clouds,2.3,0
Besancon,2026-06-04 00:00:00,16.85,15.97,53,overcast clouds,3.85,0
Besancon,2026-06-04 03:00:00,17.1,16.38,58,overcast clouds,3.7,0
Besancon,2026-06-04 06:00:00,16.46,15.94,68,overcast clouds,5.13,0
Besancon,2026-06-04 09:00:00,19.02,18.67,65,overcast clouds,5.97,0
Besancon,2026-06-04 12:00:00,21.94,21.5,50,overcast clouds,6.71,0
Besancon,2026-06-04 15:00:00,15.72,15.59,86,light rain,5.54,1.45
Besancon,2026-06-04 18:00:00,13.36,13.34,99,moderate rain,3.77,8.64
Besancon,2026-06-04 21:00:00,11.32,11.07,98,moderate rain,4.16,8.62
Besancon,2026-06-05 00:00:00,11.02,10.68,96,light rain,4.86,1.3
Besancon,2026-06-05 03:00:00,9.55,7.52,98,light rain,3.85,0.4
Besancon,2026-06-05 06:00:00,9.96,8.26,96,broken clouds,3.37,0
Besancon,2026-06-05 09:00:00,13,12.37,77,light rain,3.65,0.35
Besancon,2026-06-05 12:00:00,17.31,16.38,49,light rain,3.1,0.18
Besancon,2026-06-05 15:00:00,18.17,17.22,45,broken clouds,2.53,0
Besancon,2026-06-05 18:00:00,15.97,15.42,69,scattered clouds,1.58,0
Besancon,2026-06-05 21:00:00,10.32,9.5,80,scattered clouds,1.59,0
Besancon,2026-06-06 00:00:00,9.99,9.51,73,broken clouds,1.63,0
Besancon,2026-06-06 03:00:00,11.13,9.94,63,overcast clouds,1.37,0
Besancon,2026-06-06 06:00:00,13.84,12.95,64,overcast clouds,0.92,0
Besancon,2026-06-06 09:00:00,18.99,18.28,51,overcast clouds,1.36,0
Besancon,2026-06-06 12:00:00,22,21.33,41,overcast clouds,2.87,0
Dijon,2026-06-01 15:00:00,23.9,23.49,44,scattered clouds,1.54,0
Dijon,2026-06-01 18:00:00,22.54,22.55,65,scattered clouds,2.24,0
Dijon,2026-06-01 21:00:00,17.68,17.7,84,overcast clouds,0.37,0
Dijon,2026-06-02 00:00:00,17.41,17.35,82,overcast clouds,0.4,0
Dijon,2026-06-02 03:00:00,16.69,16.74,89,light rain,0.76,0.66
Dijon,2026-06-02 06:00:00,17.25,17.49,94,light rain,1.73,2
Dijon,2026-06-02 09:00:00,19.6,19.57,75,overcast clouds,3.98,0
Dijon,2026-06-02 12:00:00,17.7,17.75,85,light rain,4.54,1.29
Dijon,2026-06-02 15:00:00,16.8,16.73,84,light rain,6.35,1
Dijon,2026-06-02 18:00:00,16.47,16.13,75,light rain,6.29,0.44
Dijon,2026-06-02 21:00:00,13.58,13.06,79,scattered clouds,5.18,0
Dijon,2026-06-03 00:00:00,12.21,11.65,83,broken clouds,4.51,0
Dijon,2026-06-03 03:00:00,10.44,10.02,95,clear sky,3.26,0
Dijon,2026-06-03 06:00:00,13.06,12.67,86,scattered clouds,3.47,0
Dijon,2026-06-03 09:00:00,17.16,16.63,65,light rain,5.25,0.34
Dijon,2026-06-03 12:00:00,17.74,17.24,64,light rain,3.91,0.28
Dijon,2026-06-03 15:00:00,20.03,19.42,51,overcast clouds,3.23,0
Dijon,2026-06-03 18:00:00,17.73,17.33,68,overcast clouds,3.21,0
Dijon,2026-06-03 21:00:00,14.3,13.8,77,overcast clouds,4.01,0
Dijon,2026-06-04 00:00:00,13.87,13.32,77,overcast clouds,3.34,0
Dijon,2026-06-04 03:00:00,15.23,14.71,73,overcast clouds,4.4,0
Dijon,2026-06-04 06:00:00,16.42,16.13,77,overcast clouds,5.1,0
Dijon,2026-06-04 09:00:00,18.03,17.66,68,light rain,6.54,0.22
Dijon,2026-06-04 12:00:00,20.59,20.17,56,light rain,6.42,0.15
Dijon,2026-06-04 15:00:00,17.05,16.8,76,light rain,4.22,0.45
Dijon,2026-06-04 18:00:00,12.69,12.36,90,light rain,5.72,1.72
Dijon,2026-06-04 21:00:00,11.26,10.87,93,light rain,4.2,0.96
Dijon,2026-06-05 00:00:00,9.59,7.54,96,broken clouds,3.9,0
Dijon,2026-06-05 03:00:00,8.34,6.22,95,clear sky,3.51,0
Dijon,2026-06-05 06:00:00,10.45,9.9,90,clear sky,3.78,0
Dijon,2026-06-05 09:00:00,15.38,14.41,55,few clouds,3.69,0
Dijon,2026-06-05 12:00:00,18.25,17.2,41,scattered clouds,2.65,0
Dijon,2026-06-05 15:00:00,18.54,17.65,46,overcast clouds,4,0
Dijon,2026-06-05 18:00:00,16.6,16.04,66,broken clouds,1.5,0
Dijon,2026-06-05 21:00:00,11.15,10.25,74,overcast clouds,1.74,0
Dijon,2026-06-06 00:00:00,9.96,9.5,76,overcast clouds,1.6,0
Dijon,2026-06-06 03:00:00,9.81,9.47,80,overcast clouds,1.46,0
Dijon,2026-06-06 06:00:00,13.03,12.24,71,overcast clouds,0.83,0
Dijon,2026-06-06 09:00:00,17.85,17.15,56,overcast clouds,1.9,0
Dijon,2026-06-06 12:00:00,21.7,21.13,46,broken clouds,3.34,0
Annecy,2026-06-01 15:00:00,25.04,24.64,40,scattered clouds,1.73,0
Annecy,2026-06-01 18:00:00,22.39,22.25,60,scattered clouds,1.02,0
Annecy,2026-06-01 21:00:00,18.39,18.45,83,broken clouds,1.53,0
Annecy,2026-06-02 00:00:00,19.87,19.98,79,broken clouds,1.49,0
Annecy,2026-06-02 03:00:00,18.66,18.77,84,overcast clouds,1.31,0
Annecy,2026-06-02 06:00:00,19.7,19.92,84,light rain,0.85,0.22
Annecy,2026-06-02 09:00:00,23.88,23.63,50,light rain,2,0.18
Annecy,2026-06-02 12:00:00,21.33,21.5,76,light rain,3.28,0.71
Annecy,2026-06-02 15:00:00,15.36,15.51,98,moderate rain,2.28,8.56
Annecy,2026-06-02 18:00:00,15.25,15.31,95,light rain,1.59,2.3
Annecy,2026-06-02 21:00:00,11.95,11.6,92,light rain,0.95,1.52
Annecy,2026-06-03 00:00:00,12.73,12.59,97,light rain,1.35,2.24
Annecy,2026-06-03 03:00:00,11.71,11.5,98,light rain,1.04,1.97
Annecy,2026-06-03 06:00:00,12.61,12.38,94,light rain,1.06,0.75
Annecy,2026-06-03 09:00:00,15.61,15.21,76,light rain,1.57,0.57
Annecy,2026-06-03 12:00:00,20.32,19.66,48,light rain,1.56,0.12
Annecy,2026-06-03 15:00:00,21.28,20.59,43,scattered clouds,2.23,0
Annecy,2026-06-03 18:00:00,17.44,17.12,72,broken clouds,1.14,0
Annecy,2026-06-03 21:00:00,13.12,12.58,80,overcast clouds,2.06,0
Annecy,2026-06-04 00:00:00,11.27,10.7,86,broken clouds,1.86,0
Annecy,2026-06-04 03:00:00,12.69,12.08,79,overcast clouds,1.89,0
Annecy,2026-06-04 06:00:00,14.81,14.3,75,overcast clouds,1.71,0
Annecy,2026-06-04 09:00:00,20.68,20.16,52,overcast clouds,2.02,0
Annecy,2026-06-04 12:00:00,22.57,21.98,42,overcast clouds,3.2,0
Annecy,2026-06-04 15:00:00,14.5,14.62,100,moderate rain,1.11,3.64
Annecy,2026-06-04 18:00:00,13.6,13.63,100,heavy intensity rain,1.66,12.29
Annecy,2026-06-04 21:00:00,12.18,12.04,99,heavy intensity rain,1.32,13.78
Annecy,2026-06-05 00:00:00,11.36,11.08,97,moderate rain,1.52,3.34
Annecy,2026-06-05 03:00:00,8.79,8.79,97,broken clouds,0.15,0
Annecy,2026-06-05 06:00:00,10.75,10.36,95,light rain,0.72,0.16
Annecy,2026-06-05 09:00:00,13.9,13.41,79,light rain,1.26,0.48
Annecy,2026-06-05 12:00:00,19.78,18.94,43,light rain,1.58,0.15
Annecy,2026-06-05 15:00:00,20.21,19.28,38,few clouds,2.13,0
Annecy,2026-06-05 18:00:00,16.68,16.18,68,scattered clouds,1.46,0
Annecy,2026-06-05 21:00:00,11.22,10.43,78,overcast clouds,1.4,0
Annecy,2026-06-06 00:00:00,10.49,9.61,77,overcast clouds,1.43,0
Annecy,2026-06-06 03:00:00,9.87,9.87,80,overcast clouds,1.19,0
Annecy,2026-06-06 06:00:00,13.63,12.82,68,overcast clouds,0.9,0
Annecy,2026-06-06 09:00:00,20.47,19.83,48,few clouds,1.41,0
Annecy,2026-06-06 12:00:00,23.85,23.13,32,few clouds,2.12,0
Grenoble,2026-06-01 15:00:00,26.47,26.47,60,broken clouds,2.51,0
Grenoble,2026-06-01 18:00:00,24.97,25.32,69,broken clouds,1.81,0
Grenoble,2026-06-01 21:00:00,20.16,20.45,85,broken clouds,1.58,0
Grenoble,2026-06-02 00:00:00,21.63,21.94,80,overcast clouds,1.43,0
Grenoble,2026-06-02 03:00:00,20.4,20.56,79,overcast clouds,1.72,0
Grenoble,2026-06-02 06:00:00,21.75,22.07,80,light rain,1.53,0.29
Grenoble,2026-06-02 09:00:00,27.29,27.43,46,light rain,1.13,0.24
Grenoble,2026-06-02 12:00:00,22.87,23.12,73,light rain,2.69,0.89
Grenoble,2026-06-02 15:00:00,18.14,18.36,90,heavy intensity rain,2.22,19.54
Grenoble,2026-06-02 18:00:00,17.26,17.42,91,light rain,1.83,2.91
Grenoble,2026-06-02 21:00:00,13.9,13.72,91,light rain,0.72,0.79
Grenoble,2026-06-03 00:00:00,13.9,13.88,97,light rain,2.44,0.68
Grenoble,2026-06-03 03:00:00,13.48,13.36,95,light rain,2.06,0.8
Grenoble,2026-06-03 06:00:00,13.59,13.51,96,light rain,1.78,0.54
Grenoble,2026-06-03 09:00:00,15.55,15.33,83,light rain,2.17,0.37
Grenoble,2026-06-03 12:00:00,20.92,20.43,52,overcast clouds,2.69,0
Grenoble,2026-06-03 15:00:00,21.97,21.45,47,few clouds,2.68,0
Grenoble,2026-06-03 18:00:00,18.36,18.13,72,broken clouds,1.6,0
Grenoble,2026-06-03 21:00:00,14.26,13.99,86,overcast clouds,1.08,0
Grenoble,2026-06-04 00:00:00,12.99,12.59,86,overcast clouds,1.5,0
Grenoble,2026-06-04 03:00:00,13.2,12.53,75,broken clouds,1.78,0
Grenoble,2026-06-04 06:00:00,16.46,15.86,65,overcast clouds,1.46,0
Grenoble,2026-06-04 09:00:00,23.65,23.27,46,overcast clouds,1.15,0
Grenoble,2026-06-04 12:00:00,25.86,25.55,40,overcast clouds,1.9,0
Grenoble,2026-06-04 15:00:00,19.07,19.28,86,light rain,2.52,0.34
Grenoble,2026-06-04 18:00:00,16.73,17.07,100,light rain,2.39,1.75
Grenoble,2026-06-04 21:00:00,13.02,12.96,99,heavy intensity rain,1.6,19.18
Grenoble,2026-06-05 00:00:00,12.39,12.24,98,moderate rain,0.14,5.51
Grenoble,2026-06-05 03:00:00,10.76,10.48,99,light rain,1.6,0.1
Grenoble,2026-06-05 06:00:00,12.15,11.93,96,light rain,1.85,0.22
Grenoble,2026-06-05 09:00:00,15.79,15.3,72,light rain,2.38,0.21
Grenoble,2026-06-05 12:00:00,19.3,18.59,50,broken clouds,2.85,0
Grenoble,2026-06-05 15:00:00,20.75,20.06,45,clear sky,2.82,0
Grenoble,2026-06-05 18:00:00,17.65,17.19,66,clear sky,2.06,0
Grenoble,2026-06-05 21:00:00,11.55,11.08,89,broken clouds,0.98,0
Grenoble,2026-06-06 00:00:00,11.77,11.17,83,broken clouds,1.38,0
Grenoble,2026-06-06 03:00:00,11.31,10.69,84,overcast clouds,1.35,0
Grenoble,2026-06-06 06:00:00,16.39,15.83,67,overcast clouds,0.41,0
Grenoble,2026-06-06 09:00:00,23.6,23.14,43,few clouds,1.17,0
Grenoble,2026-06-06 12:00:00,26.94,26.42,31,clear sky,1.7,0
Lyon,2026-06-01 15:00:00,25.74,25.44,41,few clouds,3.54,0
Lyon,2026-06-01 18:00:00,25.98,25.98,44,broken clouds,2.22,0
Lyon,2026-06-01 21:00:00,22.01,21.75,57,broken clouds,0.87,0
Lyon,2026-06-02 00:00:00,20.73,20.4,59,broken clouds,0.41,0
Lyon,2026-06-02 03:00:00,18.71,18.57,74,light rain,1.16,0.13
Lyon,2026-06-02 06:00:00,19.59,19.48,72,light rain,0.37,0.12
Lyon,2026-06-02 09:00:00,21.72,21.54,61,overcast clouds,0.38,0
Lyon,2026-06-02 12:00:00,18.91,19.23,91,moderate rain,2.91,8.52
Lyon,2026-06-02 15:00:00,21.47,21.27,61,moderate rain,3.17,3.34
Lyon,2026-06-02 18:00:00,20.85,20.43,55,light rain,2.37,0.35
Lyon,2026-06-02 21:00:00,15.63,15.13,72,broken clouds,2.96,0
Lyon,2026-06-03 00:00:00,14.07,13.57,78,scattered clouds,1.76,0
Lyon,2026-06-03 03:00:00,12.74,12.18,81,clear sky,1.93,0
Lyon,2026-06-03 06:00:00,14.75,14.11,70,clear sky,1.06,0
Lyon,2026-06-03 09:00:00,18.72,18.06,54,clear sky,2.65,0
Lyon,2026-06-03 12:00:00,19.18,18.54,53,light rain,1.75,0.19
Lyon,2026-06-03 15:00:00,21.96,21.44,47,overcast clouds,1.14,0
Lyon,2026-06-03 18:00:00,19.77,19.37,60,overcast clouds,1.99,0
Lyon,2026-06-03 21:00:00,16.96,16.49,68,overcast clouds,1.97,0
Lyon,2026-06-04 00:00:00,15.51,14.92,69,overcast clouds,2.17,0
Lyon,2026-06-04 03:00:00,15.32,14.71,69,overcast clouds,2.12,0
Lyon,2026-06-04 06:00:00,16.62,16.17,70,overcast clouds,1.97,0
Lyon,2026-06-04 09:00:00,19.92,19.66,65,overcast clouds,2.88,0
Lyon,2026-06-04 12:00:00,17.27,17.38,89,light rain,1.79,1.43
Lyon,2026-06-04 15:00:00,16.35,16.44,92,moderate rain,1.83,4.04
Lyon,2026-06-04 18:00:00,13.63,13.48,93,moderate rain,1.83,4.41
Lyon,2026-06-04 21:00:00,12.93,12.84,98,moderate rain,1.73,4.91
Lyon,2026-06-05 00:00:00,11.84,11.48,92,light rain,1.72,1.03
Lyon,2026-06-05 03:00:00,10.74,10.25,91,broken clouds,1.27,0
Lyon,2026-06-05 06:00:00,12.28,11.7,82,scattered clouds,1.62,0
Lyon,2026-06-05 09:00:00,16.25,15.34,54,clear sky,3.39,0
Lyon,2026-06-05 12:00:00,19.66,18.75,41,few clouds,3.64,0
Lyon,2026-06-05 15:00:00,20.43,19.57,40,clear sky,3.47,0
Lyon,2026-06-05 18:00:00,18.4,17.71,54,few clouds,1.78,0
Lyon,2026-06-05 21:00:00,14.76,13.68,53,overcast clouds,1.27,0
Lyon,2026-06-06 00:00:00,13.73,12.62,56,overcast clouds,0.71,0
Lyon,2026-06-06 03:00:00,13.05,11.93,58,overcast clouds,0.27,0
Lyon,2026-06-06 06:00:00,14.53,13.66,62,overcast clouds,0.59,0
Lyon,2026-06-06 09:00:00,20.02,19.36,49,scattered clouds,1.32,0
Lyon,2026-06-06 12:00:00,23.97,23.47,40,few clouds,1.75,0
Gorges du Verdon,2026-06-01 15:00:00,24.38,24.49,62,overcast clouds,7.01,0
Gorges du Verdon,2026-06-01 18:00:00,22.14,22.24,70,broken clouds,2.38,0
Gorges du Verdon,2026-06-01 21:00:00,16.11,16.18,92,clear sky,0.78,0
Gorges du Verdon,2026-06-02 00:00:00,15.46,15.41,90,broken clouds,0.78,0
Gorges du Verdon,2026-06-02 03:00:00,15.86,15.46,75,overcast clouds,1.5,0
Gorges du Verdon,2026-06-02 06:00:00,15.58,14.73,59,light rain,0.43,0.13
Gorges du Verdon,2026-06-02 09:00:00,21.97,21.48,48,broken clouds,3.45,0
Gorges du Verdon,2026-06-02 12:00:00,20.17,20.02,68,light rain,3.29,1.64
Gorges du Verdon,2026-06-02 15:00:00,17.4,17.28,80,moderate rain,5.12,3.97
Gorges du Verdon,2026-06-02 18:00:00,14.4,14.09,84,light rain,3.37,1.69
Gorges du Verdon,2026-06-02 21:00:00,10.63,10.28,97,broken clouds,3.64,0
Gorges du Verdon,2026-06-03 00:00:00,9.45,7.58,94,broken clouds,3.49,0
Gorges du Verdon,2026-06-03 03:00:00,8.07,5.92,95,few clouds,3.46,0
Gorges du Verdon,2026-06-03 06:00:00,10.52,9.79,83,few clouds,4.15,0
Gorges du Verdon,2026-06-03 09:00:00,16.69,15.67,48,scattered clouds,5.03,0
Gorges du Verdon,2026-06-03 12:00:00,21.32,20.32,31,scattered clouds,5.1,0
Gorges du Verdon,2026-06-03 15:00:00,22.05,21.07,29,clear sky,5.5,0
Gorges du Verdon,2026-06-03 18:00:00,17.91,16.93,45,few clouds,3.17,0
Gorges du Verdon,2026-06-03 21:00:00,12.08,11.01,64,overcast clouds,2.01,0
Gorges du Verdon,2026-06-04 00:00:00,11.89,10.86,66,overcast clouds,1.65,0
Gorges du Verdon,2026-06-04 03:00:00,11.34,10.36,70,broken clouds,1.6,0
Gorges du Verdon,2026-06-04 06:00:00,16.13,15.29,57,broken clouds,0.42,0
Gorges du Verdon,2026-06-04 09:00:00,21.93,21.04,33,overcast clouds,1.68,0
Gorges du Verdon,2026-06-04 12:00:00,24.41,23.56,25,overcast clouds,2.8,0
Gorges du Verdon,2026-06-04 15:00:00,21.42,20.74,43,overcast clouds,6.09,0
Gorges du Verdon,2026-06-04 18:00:00,18.05,17.45,59,overcast clouds,2.89,0
Gorges du Verdon,2026-06-04 21:00:00,13.69,13.46,90,light rain,1.49,0.5
Gorges du Verdon,2026-06-05 00:00:00,10.15,9.65,93,heavy intensity rain,5.76,12.42
Gorges du Verdon,2026-06-05 03:00:00,8.64,6.39,98,light rain,3.89,0.57
Gorges du Verdon,2026-06-05 06:00:00,10.01,9.42,90,broken clouds,4.89,0
Gorges du Verdon,2026-06-05 09:00:00,15.33,14.25,51,clear sky,5.18,0
Gorges du Verdon,2026-06-05 12:00:00,19.32,18.17,33,scattered clouds,4.87,0
Gorges du Verdon,2026-06-05 15:00:00,20.41,19.26,29,scattered clouds,3.73,0
Gorges du Verdon,2026-06-05 18:00:00,17.38,16.56,53,few clouds,1.7,0
Gorges du Verdon,2026-06-05 21:00:00,11.61,11.18,90,few clouds,1.32,0
Gorges du Verdon,2026-06-06 00:00:00,10.91,10.28,85,broken clouds,1.1,0
Gorges du Verdon,2026-06-06 03:00:00,10.6,9.93,85,overcast clouds,1.29,0
Gorges du Verdon,2026-06-06 06:00:00,15.24,14.57,67,broken clouds,0.31,0
Gorges du Verdon,2026-06-06 09:00:00,20.4,19.57,41,few clouds,2.04,0
Gorges du Verdon,2026-06-06 12:00:00,23.03,22.25,33,few clouds,3.98,0
Bormes les Mimosas,2026-06-01 15:00:00,25.21,25.43,63,scattered clouds,3.54,0
Bormes les Mimosas,2026-06-01 18:00:00,24.45,24.8,71,scattered clouds,2.1,0
Bormes les Mimosas,2026-06-01 21:00:00,20.41,20.78,87,few clouds,1.98,0
Bormes les Mimosas,2026-06-02 00:00:00,19.94,20.26,87,broken clouds,1.1,0
Bormes les Mimosas,2026-06-02 03:00:00,20.3,20.63,86,overcast clouds,0.52,0
Bormes les Mimosas,2026-06-02 06:00:00,19.86,20.09,84,overcast clouds,1.92,0
Bormes les Mimosas,2026-06-02 09:00:00,23.17,23.37,70,broken clouds,3.28,0
Bormes les Mimosas,2026-06-02 12:00:00,23.06,23.25,70,broken clouds,4.59,0
Bormes les Mimosas,2026-06-02 15:00:00,23.03,23.09,65,overcast clouds,6.23,0
Bormes les Mimosas,2026-06-02 18:00:00,22.94,22.8,58,overcast clouds,6.25,0
Bormes les Mimosas,2026-06-02 21:00:00,21.16,20.82,57,overcast clouds,7.6,0
Bormes les Mimosas,2026-06-03 00:00:00,19.59,18.99,53,broken clouds,9.58,0
Bormes les Mimosas,2026-06-03 03:00:00,17.9,17.18,55,clear sky,9.03,0
Bormes les Mimosas,2026-06-03 06:00:00,18.2,17.46,53,few clouds,9.75,0
Bormes les Mimosas,2026-06-03 09:00:00,22.26,21.59,40,overcast clouds,10.06,0
Bormes les Mimosas,2026-06-03 12:00:00,26.46,26.46,28,broken clouds,9.39,0
Bormes les Mimosas,2026-06-03 15:00:00,26.69,26.19,29,few clouds,8.54,0
Bormes les Mimosas,2026-06-03 18:00:00,24.21,23.6,35,scattered clouds,7.63,0
Bormes les Mimosas,2026-06-03 21:00:00,20.49,19.72,43,broken clouds,3.93,0
Bormes les Mimosas,2026-06-04 00:00:00,17.92,17.05,49,overcast clouds,2.54,0
Bormes les Mimosas,2026-06-04 03:00:00,15.73,14.9,59,scattered clouds,2.03,0
Bormes les Mimosas,2026-06-04 06:00:00,18.44,17.7,52,broken clouds,2.14,0
Bormes les Mimosas,2026-06-04 09:00:00,23.69,23.08,37,overcast clouds,1.14,0
Bormes les Mimosas,2026-06-04 12:00:00,22.18,21.76,50,overcast clouds,3.91,0
Bormes les Mimosas,2026-06-04 15:00:00,23.43,23.29,56,overcast clouds,5.45,0
Bormes les Mimosas,2026-06-04 18:00:00,21.18,21.16,69,scattered clouds,6.06,0
Bormes les Mimosas,2026-06-04 21:00:00,19.03,19,77,scattered clouds,5.15,0
Bormes les Mimosas,2026-06-05 00:00:00,15.45,15.22,83,light rain,7,1.61
Bormes les Mimosas,2026-06-05 03:00:00,16.35,15.71,64,overcast clouds,4.95,0
Bormes les Mimosas,2026-06-05 06:00:00,17.02,16.24,56,broken clouds,6.29,0
Bormes les Mimosas,2026-06-05 09:00:00,21.63,20.84,38,clear sky,8.42,0
Bormes les Mimosas,2026-06-05 12:00:00,24.41,23.72,31,few clouds,9.32,0
Bormes les Mimosas,2026-06-05 15:00:00,25.23,24.67,33,scattered clouds,5.77,0
Bormes les Mimosas,2026-06-05 18:00:00,22.18,21.81,52,few clouds,1.41,0
Bormes les Mimosas,2026-06-05 21:00:00,17.55,17.42,79,clear sky,2.43,0
Bormes les Mimosas,2026-06-06 00:00:00,16.79,16.72,84,broken clouds,1.33,0
Bormes les Mimosas,2026-06-06 03:00:00,16.73,16.57,81,overcast clouds,2.12,0
Bormes les Mimosas,2026-06-06 06:00:00,18.77,18.56,71,broken clouds,2.46,0
Bormes les Mimosas,2026-06-06 09:00:00,23.28,23.1,55,few clouds,1.83,0
Bormes les Mimosas,2026-06-06 12:00:00,22.89,22.8,60,scattered clouds,3.88,0
Cassis,2026-06-01 15:00:00,28.39,27.67,35,overcast clouds,8.57,0
Cassis,2026-06-01 18:00:00,26.02,26.02,53,broken clouds,7.8,0
Cassis,2026-06-01 21:00:00,21.7,21.91,76,scattered clouds,3.38,0
Cassis,2026-06-02 00:00:00,21.03,21.3,81,broken clouds,1.46,0
Cassis,2026-06-02 03:00:00,20.96,21.25,82,overcast clouds,2.42,0
Cassis,2026-06-02 06:00:00,20.25,20.31,76,overcast clouds,2.89,0
Cassis,2026-06-02 09:00:00,22.37,22.59,74,broken clouds,5.68,0
Cassis,2026-06-02 12:00:00,22.47,22.68,73,broken clouds,3.78,0
Cassis,2026-06-02 15:00:00,23.46,23.56,65,overcast clouds,7.29,0
Cassis,2026-06-02 18:00:00,22.09,21.97,62,overcast clouds,7.13,0
Cassis,2026-06-02 21:00:00,21.35,21,56,broken clouds,9.93,0
Cassis,2026-06-03 00:00:00,20.14,19.65,55,scattered clouds,10.85,0
Cassis,2026-06-03 03:00:00,17.88,17.24,58,clear sky,12.33,0
Cassis,2026-06-03 06:00:00,17.71,17.02,57,few clouds,13.75,0
Cassis,2026-06-03 09:00:00,20.41,19.73,47,few clouds,13.67,0
Cassis,2026-06-03 12:00:00,23.26,22.66,39,scattered clouds,12.53,0
Cassis,2026-06-03 15:00:00,24.63,24.14,38,broken clouds,10.24,0
Cassis,2026-06-03 18:00:00,23.99,23.57,43,broken clouds,8.15,0
Cassis,2026-06-03 21:00:00,22.67,22.22,47,broken clouds,6.3,0
Cassis,2026-06-04 00:00:00,21.4,20.95,52,broken clouds,7.16,0
Cassis,2026-06-04 03:00:00,20.01,19.48,54,broken clouds,5.57,0
Cassis,2026-06-04 06:00:00,20.34,19.71,49,broken clouds,3.84,0
Cassis,2026-06-04 09:00:00,22.75,22.31,47,broken clouds,5.15,0
Cassis,2026-06-04 12:00:00,23.19,23,55,broken clouds,5.86,0
Cassis,2026-06-04 15:00:00,22.06,22.04,66,broken clouds,4.45,0
Cassis,2026-06-04 18:00:00,20.83,20.98,77,broken clouds,5.03,0
Cassis,2026-06-04 21:00:00,20.06,20.21,80,light rain,4.8,0.74
Cassis,2026-06-05 00:00:00,16.63,16.31,75,light rain,8.98,2.91
Cassis,2026-06-05 03:00:00,16.17,15.67,70,light rain,11.56,0.3
Cassis,2026-06-05 06:00:00,16.49,15.76,60,broken clouds,11.92,0
Cassis,2026-06-05 09:00:00,19.45,18.65,46,clear sky,12.27,0
Cassis,2026-06-05 12:00:00,21.37,20.63,41,scattered clouds,12.25,0
Cassis,2026-06-05 15:00:00,22.81,22.11,37,scattered clouds,11.35,0
Cassis,2026-06-05 18:00:00,22.23,21.58,41,few clouds,7.7,0
Cassis,2026-06-05 21:00:00,20.48,19.89,50,scattered clouds,4.45,0
Cassis,2026-06-06 00:00:00,19.86,19.08,45,broken clouds,1.32,0
Cassis,2026-06-06 03:00:00,19.07,18.57,59,overcast clouds,2.23,0
Cassis,2026-06-06 06:00:00,19.95,19.72,66,overcast clouds,1.93,0
Cassis,2026-06-06 09:00:00,21.66,21.55,64,scattered clouds,2.43,0
Cassis,2026-06-06 12:00:00,22.46,22.41,63,scattered clouds,3.51,0
Marseille,2026-06-01 15:00:00,28.81,27.96,34,overcast clouds,7.69,0
Marseille,2026-06-01 18:00:00,26.84,27.27,50,broken clouds,7.2,0
Marseille,2026-06-01 21:00:00,23.19,23.44,72,broken clouds,3.77,0
Marseille,2026-06-02 00:00:00,22.45,22.79,78,broken clouds,2.3,0
Marseille,2026-06-02 03:00:00,22.25,22.65,81,overcast clouds,2.92,0
Marseille,2026-06-02 06:00:00,20.93,21.09,77,overcast clouds,2.93,0
Marseille,2026-06-02 09:00:00,22.8,23.15,77,broken clouds,6.21,0
Marseille,2026-06-02 12:00:00,23.1,23.35,72,overcast clouds,3.75,0
Marseille,2026-06-02 15:00:00,24.62,24.73,61,overcast clouds,7.89,0
Marseille,2026-06-02 18:00:00,23.48,23.4,58,overcast clouds,7.11,0
Marseille,2026-06-02 21:00:00,22.53,22.25,54,broken clouds,9.31,0
Marseille,2026-06-03 00:00:00,21.23,20.77,52,scattered clouds,10.59,0
Marseille,2026-06-03 03:00:00,18.86,18.29,57,clear sky,11.73,0
Marseille,2026-06-03 06:00:00,18.67,18.05,56,few clouds,13.87,0
Marseille,2026-06-03 09:00:00,21.1,20.47,46,clear sky,13.66,0
Marseille,2026-06-03 12:00:00,24.14,23.6,38,few clouds,11.6,0
Marseille,2026-06-03 15:00:00,25.71,25.3,37,broken clouds,9.39,0
Marseille,2026-06-03 18:00:00,25.21,24.83,40,broken clouds,7.61,0
Marseille,2026-06-03 21:00:00,23.82,23.46,46,broken clouds,6.16,0
Marseille,2026-06-04 00:00:00,22.56,22.18,50,broken clouds,7.22,0
Marseille,2026-06-04 03:00:00,21.16,20.69,52,broken clouds,6.19,0
Marseille,2026-06-04 06:00:00,20.79,20.2,49,overcast clouds,3.44,0
Marseille,2026-06-04 09:00:00,22.82,22.41,48,overcast clouds,4.81,0
Marseille,2026-06-04 12:00:00,24.15,24,53,broken clouds,5.12,0
Marseille,2026-06-04 15:00:00,23.29,23.32,63,overcast clouds,5.18,0
Marseille,2026-06-04 18:00:00,22.13,22.3,73,overcast clouds,5.98,0
Marseille,2026-06-04 21:00:00,21.15,21.25,74,light rain,7.22,0.7
Marseille,2026-06-05 00:00:00,17.45,17.16,73,moderate rain,9.53,4.14
Marseille,2026-06-05 03:00:00,17.07,16.63,69,light rain,11.62,0.33
Marseille,2026-06-05 06:00:00,17.3,16.63,59,broken clouds,12.37,0
Marseille,2026-06-05 09:00:00,19.88,19.18,48,clear sky,12.63,0
Marseille,2026-06-05 12:00:00,21.92,21.24,41,scattered clouds,12.22,0
Marseille,2026-06-05 15:00:00,23.6,22.96,36,scattered clouds,11.22,0
Marseille,2026-06-05 18:00:00,23.26,22.66,39,few clouds,7.89,0
Marseille,2026-06-05 21:00:00,22.08,21.54,46,scattered clouds,4.6,0
Marseille,2026-06-06 00:00:00,21.19,20.46,42,broken clouds,1.4,0
Marseille,2026-06-06 03:00:00,20.67,20.05,48,overcast clouds,1.85,0
Marseille,2026-06-06 06:00:00,20.65,20.36,61,broken clouds,1.87,0
Marseille,2026-06-06 09:00:00,22.32,22.17,60,scattered clouds,1.59,0
Marseille,2026-06-06 12:00:00,23.41,23.32,58,scattered clouds,3.27,0
Aix en Provence,2026-06-01 15:00:00,28.88,28.02,34,overcast clouds,6.64,0
Aix en Provence,2026-06-01 18:00:00,27.81,26.96,30,broken clouds,5.45,0
Aix en Provence,2026-06-01 21:00:00,22.79,22.56,55,broken clouds,3.58,0
Aix en Provence,2026-06-02 00:00:00,21.89,21.75,62,broken clouds,1.29,0
Aix en Provence,2026-06-02 03:00:00,21.63,21.6,67,overcast clouds,1.81,0
Aix en Provence,2026-06-02 06:00:00,19.55,19.1,59,overcast clouds,1.21,0
Aix en Provence,2026-06-02 09:00:00,25.48,25.39,50,overcast clouds,3.11,0
Aix en Provence,2026-06-02 12:00:00,24.81,24.7,52,overcast clouds,5.7,0
Aix en Provence,2026-06-02 15:00:00,24.9,24.8,52,overcast clouds,6.38,0
Aix en Provence,2026-06-02 18:00:00,22.72,22.41,52,overcast clouds,5.32,0
Aix en Provence,2026-06-02 21:00:00,20.66,20.11,51,broken clouds,6.55,0
Aix en Provence,2026-06-03 00:00:00,19.09,18.33,49,scattered clouds,7.59,0
Aix en Provence,2026-06-03 03:00:00,16.66,15.9,58,clear sky,7.8,0
Aix en Provence,2026-06-03 06:00:00,17.22,16.43,55,clear sky,8.08,0
Aix en Provence,2026-06-03 09:00:00,20.87,20.03,39,few clouds,10.33,0
Aix en Provence,2026-06-03 12:00:00,24.42,23.67,29,few clouds,10.18,0
Aix en Provence,2026-06-03 15:00:00,25.53,24.87,28,broken clouds,9.43,0
Aix en Provence,2026-06-03 18:00:00,24.1,23.4,32,broken clouds,6.74,0
Aix en Provence,2026-06-03 21:00:00,22.35,21.55,35,scattered clouds,5.39,0
Aix en Provence,2026-06-04 00:00:00,19.84,19,43,broken clouds,2.51,0
Aix en Provence,2026-06-04 03:00:00,17.68,16.76,48,overcast clouds,1.41,0
Aix en Provence,2026-06-04 06:00:00,18.61,17.68,44,overcast clouds,1.45,0
Aix en Provence,2026-06-04 09:00:00,23.66,23,35,overcast clouds,2.52,0
Aix en Provence,2026-06-04 12:00:00,28,27.14,31,overcast clouds,3.69,0
Aix en Provence,2026-06-04 15:00:00,26.47,26.47,40,overcast clouds,5.78,0
Aix en Provence,2026-06-04 18:00:00,22.09,22.05,65,overcast clouds,5.7,0
Aix en Provence,2026-06-04 21:00:00,19.59,19.59,76,light rain,4.91,0.57
Aix en Provence,2026-06-05 00:00:00,15.32,15.1,84,moderate rain,5.26,8.09
Aix en Provence,2026-06-05 03:00:00,14.2,13.74,79,light rain,5.95,0.23
Aix en Provence,2026-06-05 06:00:00,15.01,14.24,64,scattered clouds,6.45,0
Aix en Provence,2026-06-05 09:00:00,19.33,18.44,43,clear sky,8.32,0
Aix en Provence,2026-06-05 12:00:00,22.25,21.34,31,scattered clouds,9.08,0
Aix en Provence,2026-06-05 15:00:00,23.28,22.39,28,scattered clouds,8.84,0
Aix en Provence,2026-06-05 18:00:00,22.27,21.31,29,few clouds,5.11,0
Aix en Provence,2026-06-05 21:00:00,19.69,18.68,37,scattered clouds,0.63,0
Aix en Provence,2026-06-06 00:00:00,18.09,17.05,42,broken clouds,1.83,0
Aix en Provence,2026-06-06 03:00:00,16.49,15.74,59,overcast clouds,1.65,0
Aix en Provence,2026-06-06 06:00:00,18.38,17.81,59,broken clouds,1.5,0
Aix en Provence,2026-06-06 09:00:00,23.79,23.14,35,scattered clouds,2.21,0
Aix en Provence,2026-06-06 12:00:00,27.07,26.39,28,scattered clouds,3.45,0
Avignon,2026-06-01 15:00:00,28.86,28,34,clear sky,7.98,0
Avignon,2026-06-01 18:00:00,27.75,27.16,35,few clouds,4.42,0
Avignon,2026-06-01 21:00:00,22.58,22.12,47,broken clouds,1.55,0
Avignon,2026-06-02 00:00:00,21.51,21.18,56,broken clouds,1.11,0
Avignon,2026-06-02 03:00:00,20.83,20.48,58,overcast clouds,0.95,0
Avignon,2026-06-02 06:00:00,21.34,21.07,59,overcast clouds,0.62,0
Avignon,2026-06-02 09:00:00,26.06,26.06,54,overcast clouds,2.63,0
Avignon,2026-06-02 12:00:00,27.91,27.87,44,light rain,5.2,0.1
Avignon,2026-06-02 15:00:00,20.18,20.29,78,light rain,3.43,1.24
Avignon,2026-06-02 18:00:00,21.91,21.8,63,overcast clouds,5.21,0
Avignon,2026-06-02 21:00:00,18.94,18.3,54,broken clouds,3.48,0
Avignon,2026-06-03 00:00:00,16.83,16.08,58,scattered clouds,4.67,0
Avignon,2026-06-03 03:00:00,15.47,14.67,61,clear sky,5.59,0
Avignon,2026-06-03 06:00:00,17.65,16.85,53,clear sky,7.61,0
Avignon,2026-06-03 09:00:00,21.69,20.93,39,clear sky,9.66,0
Avignon,2026-06-03 12:00:00,25.72,25.16,31,clear sky,8.45,0
Avignon,2026-06-03 15:00:00,26.83,26.28,29,clear sky,8.1,0
Avignon,2026-06-03 18:00:00,23.43,22.9,41,few clouds,6.04,0
Avignon,2026-06-03 21:00:00,20.34,19.6,45,broken clouds,5.57,0
Avignon,2026-06-04 00:00:00,17.08,16.38,59,broken clouds,3.23,0
Avignon,2026-06-04 03:00:00,15.71,15.06,66,overcast clouds,2.03,0
Avignon,2026-06-04 06:00:00,17.97,17.34,58,overcast clouds,1.87,0
Avignon,2026-06-04 09:00:00,23.84,23.43,44,overcast clouds,2.08,0
Avignon,2026-06-04 12:00:00,26.87,26.82,41,overcast clouds,2.29,0
Avignon,2026-06-04 15:00:00,29.03,28.23,35,overcast clouds,4.57,0
Avignon,2026-06-04 18:00:00,23.89,23.72,53,light rain,7.46,0.1
Avignon,2026-06-04 21:00:00,14.8,14.63,88,moderate rain,7.13,6.77
Avignon,2026-06-05 00:00:00,15.04,14.85,86,moderate rain,4.73,4.06
Avignon,2026-06-05 03:00:00,13.24,12.81,84,scattered clouds,4.22,0
Avignon,2026-06-05 06:00:00,14.93,14.23,67,few clouds,5.97,0
Avignon,2026-06-05 09:00:00,19.13,18.33,47,clear sky,9.75,0
Avignon,2026-06-05 12:00:00,22.41,21.62,35,clear sky,9.69,0
Avignon,2026-06-05 15:00:00,23.4,22.63,32,clear sky,9.11,0
Avignon,2026-06-05 18:00:00,20.59,19.8,42,clear sky,7.77,0
Avignon,2026-06-05 21:00:00,17.22,16.3,50,broken clouds,4.4,0
Avignon,2026-06-06 00:00:00,15.33,14.41,57,broken clouds,2.99,0
Avignon,2026-06-06 03:00:00,13.77,12.9,65,broken clouds,2.39,0
Avignon,2026-06-06 06:00:00,16.07,15.19,56,scattered clouds,2.19,0
Avignon,2026-06-06 09:00:00,23.07,22.42,38,few clouds,1.82,0
Avignon,2026-06-06 12:00:00,28.11,27.04,27,few clouds,1.55,0
Uzes,2026-06-01 15:00:00,28.51,27.38,28,broken clouds,5.41,0
Uzes,2026-06-01 18:00:00,27.07,26.67,35,scattered clouds,4.34,0
Uzes,2026-06-01 21:00:00,21.57,21.06,49,overcast clouds,1.67,0
Uzes,2026-06-02 00:00:00,20.86,20.36,52,overcast clouds,1.18,0
Uzes,2026-06-02 03:00:00,19.53,19.05,58,overcast clouds,1.39,0
Uzes,2026-06-02 06:00:00,20.57,20.09,54,broken clouds,0.86,0
Uzes,2026-06-02 09:00:00,25.27,25.05,46,overcast clouds,2.72,0
Uzes,2026-06-02 12:00:00,26.32,26.32,47,light rain,3.49,0.24
Uzes,2026-06-02 15:00:00,19.55,19.49,74,light rain,3.76,1.45
Uzes,2026-06-02 18:00:00,21.93,21.61,55,light rain,3.64,0.1
Uzes,2026-06-02 21:00:00,17.33,16.71,61,overcast clouds,4.47,0
Uzes,2026-06-03 00:00:00,14.42,13.64,66,scattered clouds,3.51,0
Uzes,2026-06-03 03:00:00,14.2,13.35,64,clear sky,4.48,0
Uzes,2026-06-03 06:00:00,16.54,15.66,54,clear sky,3.69,0
Uzes,2026-06-03 09:00:00,22.36,21.57,35,clear sky,6.86,0
Uzes,2026-06-03 12:00:00,26.16,26.16,28,clear sky,6.02,0
Uzes,2026-06-03 15:00:00,27.81,26.73,24,few clouds,5.82,0
Uzes,2026-06-03 18:00:00,22.63,22.05,42,scattered clouds,6.72,0
Uzes,2026-06-03 21:00:00,17.3,16.6,58,overcast clouds,3.31,0
Uzes,2026-06-04 00:00:00,15.31,14.7,69,broken clouds,2.47,0
Uzes,2026-06-04 03:00:00,14.44,13.87,74,overcast clouds,2.09,0
Uzes,2026-06-04 06:00:00,17.97,17.42,61,overcast clouds,1.25,0
Uzes,2026-06-04 09:00:00,23.13,22.8,50,overcast clouds,2.26,0
Uzes,2026-06-04 12:00:00,25.62,25.39,44,overcast clouds,2.87,0
Uzes,2026-06-04 15:00:00,28.67,27.98,36,overcast clouds,4.62,0
Uzes,2026-06-04 18:00:00,22.96,22.77,56,overcast clouds,6.21,0
Uzes,2026-06-04 21:00:00,14.18,14.11,94,moderate rain,5.24,6.44
Uzes,2026-06-05 00:00:00,13.4,13.2,92,light rain,3.72,2.11
Uzes,2026-06-05 03:00:00,11.04,10.39,84,scattered clouds,4.14,0
Uzes,2026-06-05 06:00:00,13.56,12.88,73,few clouds,3.89,0
Uzes,2026-06-05 09:00:00,19.36,18.47,43,clear sky,5.93,0
Uzes,2026-06-05 12:00:00,23.65,22.83,29,clear sky,6.05,0
Uzes,2026-06-05 15:00:00,24.35,23.6,29,clear sky,7.37,0
Uzes,2026-06-05 18:00:00,20.21,19.41,43,clear sky,6.43,0
Uzes,2026-06-05 21:00:00,16.44,15.45,50,broken clouds,4.29,0
Uzes,2026-06-06 00:00:00,14.2,13.27,61,broken clouds,3.37,0
Uzes,2026-06-06 03:00:00,13.66,12.7,62,broken clouds,2.18,0
Uzes,2026-06-06 06:00:00,16.91,15.99,51,broken clouds,2.31,0
Uzes,2026-06-06 09:00:00,23.44,22.73,34,clear sky,1.88,0
Uzes,2026-06-06 12:00:00,27.97,26.95,27,clear sky,1.56,0
Nimes,2026-06-01 15:00:00,29.94,28.63,29,clear sky,1.09,0
Nimes,2026-06-01 18:00:00,28.23,27.73,38,few clouds,1.24,0
Nimes,2026-06-01 21:00:00,22.64,22.37,54,overcast clouds,1.16,0
Nimes,2026-06-02 00:00:00,22.34,21.88,48,overcast clouds,1.34,0
Nimes,2026-06-02 03:00:00,20.85,20.3,50,overcast clouds,1.77,0
Nimes,2026-06-02 06:00:00,21.26,20.85,54,overcast clouds,1.44,0
Nimes,2026-06-02 09:00:00,25.82,25.68,47,overcast clouds,2.12,0
Nimes,2026-06-02 12:00:00,28.09,27.81,41,light rain,6.07,0.38
Nimes,2026-06-02 15:00:00,22.7,22.46,55,light rain,3.83,0.53
Nimes,2026-06-02 18:00:00,22.6,22.22,50,overcast clouds,5.03,0
Nimes,2026-06-02 21:00:00,20.61,19.98,48,scattered clouds,5.86,0
Nimes,2026-06-03 00:00:00,17.6,16.8,53,few clouds,6.02,0
Nimes,2026-06-03 03:00:00,16.13,15.23,55,clear sky,5.6,0
Nimes,2026-06-03 06:00:00,18.29,17.4,47,clear sky,6.2,0
Nimes,2026-06-03 09:00:00,23.01,22.23,33,clear sky,6.13,0
Nimes,2026-06-03 12:00:00,27.05,26.27,25,clear sky,5.79,0
Nimes,2026-06-03 15:00:00,29.05,27.52,21,clear sky,5.22,0
Nimes,2026-06-03 18:00:00,24.98,24.45,35,scattered clouds,4.62,0
Nimes,2026-06-03 21:00:00,19.7,19.01,49,overcast clouds,3.79,0
Nimes,2026-06-04 00:00:00,17.86,17.22,58,overcast clouds,2.6,0
Nimes,2026-06-04 03:00:00,16.5,15.9,65,overcast clouds,2.03,0
Nimes,2026-06-04 06:00:00,19.11,18.56,57,overcast clouds,1.44,0
Nimes,2026-06-04 09:00:00,23.91,23.53,45,overcast clouds,1.9,0
Nimes,2026-06-04 12:00:00,26.97,26.74,38,overcast clouds,2.08,0
Nimes,2026-06-04 15:00:00,29.08,28.27,35,overcast clouds,6.05,0
Nimes,2026-06-04 18:00:00,23.47,23.28,54,overcast clouds,6.33,0
Nimes,2026-06-04 21:00:00,14.92,14.84,91,moderate rain,6.38,6.34
Nimes,2026-06-05 00:00:00,14.7,14.47,86,moderate rain,4.28,3.71
Nimes,2026-06-05 03:00:00,12.66,12.02,78,scattered clouds,4.51,0
Nimes,2026-06-05 06:00:00,14.74,14.02,67,few clouds,4.99,0
Nimes,2026-06-05 09:00:00,20.04,19.14,40,clear sky,5.56,0
Nimes,2026-06-05 12:00:00,24.29,23.45,26,clear sky,4.72,0
Nimes,2026-06-05 15:00:00,26.15,26.15,23,clear sky,7.24,0
Nimes,2026-06-05 18:00:00,21.46,20.68,39,clear sky,6.23,0
Nimes,2026-06-05 21:00:00,18.36,17.4,44,broken clouds,4.71,0
Nimes,2026-06-06 00:00:00,16.34,15.36,51,broken clouds,3.47,0
Nimes,2026-06-06 03:00:00,15.05,14.1,57,broken clouds,2.35,0
Nimes,2026-06-06 06:00:00,17.85,16.94,48,broken clouds,2.68,0
Nimes,2026-06-06 09:00:00,24.23,23.54,32,few clouds,1.5,0
Nimes,2026-06-06 12:00:00,28.47,27.23,25,few clouds,2.1,0
Aigues Mortes,2026-06-01 15:00:00,28.25,28.73,50,clear sky,6.59,0
Aigues Mortes,2026-06-01 18:00:00,25.35,25.61,64,few clouds,6.3,0
Aigues Mortes,2026-06-01 21:00:00,22.21,22.55,79,overcast clouds,0.39,0
Aigues Mortes,2026-06-02 00:00:00,22.35,22.39,67,overcast clouds,2.91,0
Aigues Mortes,2026-06-02 03:00:00,21.78,21.58,60,overcast clouds,1.78,0
Aigues Mortes,2026-06-02 06:00:00,21.45,21.24,61,overcast clouds,2.13,0
Aigues Mortes,2026-06-02 09:00:00,23.61,23.46,55,overcast clouds,1.5,0
Aigues Mortes,2026-06-02 12:00:00,23.73,23.86,65,light rain,9.55,0.72
Aigues Mortes,2026-06-02 15:00:00,22.46,22.35,61,light rain,7.45,0.79
Aigues Mortes,2026-06-02 18:00:00,22.84,22.56,53,overcast clouds,8.44,0
Aigues Mortes,2026-06-02 21:00:00,21.3,20.82,51,few clouds,9,0
Aigues Mortes,2026-06-03 00:00:00,18.62,18.1,60,clear sky,9.5,0
Aigues Mortes,2026-06-03 03:00:00,16.94,16.33,63,clear sky,7.7,0
Aigues Mortes,2026-06-03 06:00:00,18.19,17.55,57,clear sky,6.38,0
Aigues Mortes,2026-06-03 09:00:00,20.99,20.27,43,clear sky,4.6,0
Aigues Mortes,2026-06-03 12:00:00,24.59,24.15,40,clear sky,5.26,0
Aigues Mortes,2026-06-03 15:00:00,26.71,26.48,36,scattered clouds,5.7,0
Aigues Mortes,2026-06-03 18:00:00,25.14,24.83,43,broken clouds,7.56,0
Aigues Mortes,2026-06-03 21:00:00,21,20.54,53,overcast clouds,2.81,0
Aigues Mortes,2026-06-04 00:00:00,20.35,19.96,58,overcast clouds,2.33,0
Aigues Mortes,2026-06-04 03:00:00,18.8,18.41,64,overcast clouds,3.83,0
Aigues Mortes,2026-06-04 06:00:00,19.73,19.33,60,overcast clouds,1.5,0
Aigues Mortes,2026-06-04 09:00:00,22.18,21.86,54,overcast clouds,0.8,0
Aigues Mortes,2026-06-04 12:00:00,24.05,23.89,53,overcast clouds,2.79,0
Aigues Mortes,2026-06-04 15:00:00,23.51,23.54,62,overcast clouds,6.72,0
Aigues Mortes,2026-06-04 18:00:00,21.61,21.58,67,overcast clouds,9.04,0
Aigues Mortes,2026-06-04 21:00:00,15.93,15.88,88,moderate rain,5.9,4.07
Aigues Mortes,2026-06-05 00:00:00,15.79,15.64,85,moderate rain,3.26,7.2
Aigues Mortes,2026-06-05 03:00:00,15.48,14.96,72,scattered clouds,5.92,0
Aigues Mortes,2026-06-05 06:00:00,16.14,15.56,67,few clouds,6.58,0
Aigues Mortes,2026-06-05 09:00:00,19.43,18.55,43,clear sky,5.76,0
Aigues Mortes,2026-06-05 12:00:00,22.91,22.09,32,clear sky,1.54,0
Aigues Mortes,2026-06-05 15:00:00,24.42,23.86,36,clear sky,2.88,0
Aigues Mortes,2026-06-05 18:00:00,22.64,22.27,50,few clouds,4.41,0
Aigues Mortes,2026-06-05 21:00:00,18.77,18.03,51,overcast clouds,4.34,0
Aigues Mortes,2026-06-06 00:00:00,18.13,17.36,52,overcast clouds,3.54,0
Aigues Mortes,2026-06-06 03:00:00,17.6,16.85,55,overcast clouds,3.51,0
Aigues Mortes,2026-06-06 06:00:00,18.23,17.49,53,broken clouds,2.8,0
Aigues Mortes,2026-06-06 09:00:00,22.75,22.1,39,few clouds,0.5,0
Aigues Mortes,2026-06-06 12:00:00,23.16,22.68,44,few clouds,3.75,0
Saintes Maries de la mer,2026-06-01 15:00:00,25.76,25.75,52,broken clouds,7.42,0
Saintes Maries de la mer,2026-06-01 18:00:00,23.69,23.86,67,broken clouds,6.63,0
Saintes Maries de la mer,2026-06-01 21:00:00,21.85,22.34,86,overcast clouds,4.29,0
Saintes Maries de la mer,2026-06-02 00:00:00,21.48,21.9,85,overcast clouds,3.25,0
Saintes Maries de la mer,2026-06-02 03:00:00,21.23,21.34,74,overcast clouds,1.75,0
Saintes Maries de la mer,2026-06-02 06:00:00,21.92,22.18,77,overcast clouds,0.54,0
Saintes Maries de la mer,2026-06-02 09:00:00,23.54,23.7,67,overcast clouds,2.91,0
Saintes Maries de la mer,2026-06-02 12:00:00,21.9,22.13,76,light rain,4.54,0.89
Saintes Maries de la mer,2026-06-02 15:00:00,21.47,21.42,67,light rain,10.06,0.98
Saintes Maries de la mer,2026-06-02 18:00:00,23.01,22.85,57,overcast clouds,8.04,0
Saintes Maries de la mer,2026-06-02 21:00:00,20.71,20.35,58,scattered clouds,8.02,0
Saintes Maries de la mer,2026-06-03 00:00:00,19.15,18.71,61,few clouds,9.1,0
Saintes Maries de la mer,2026-06-03 03:00:00,17.46,16.91,63,clear sky,8.82,0
Saintes Maries de la mer,2026-06-03 06:00:00,18.43,17.82,57,clear sky,8.13,0
Saintes Maries de la mer,2026-06-03 09:00:00,21.06,20.45,47,clear sky,7.35,0
Saintes Maries de la mer,2026-06-03 12:00:00,23.69,23.32,46,few clouds,7.29,0
Saintes Maries de la mer,2026-06-03 15:00:00,25.32,25.11,46,broken clouds,6.84,0
Saintes Maries de la mer,2026-06-03 18:00:00,24.98,24.79,48,broken clouds,6.11,0
Saintes Maries de la mer,2026-06-03 21:00:00,20.83,20.46,57,overcast clouds,4.42,0
Saintes Maries de la mer,2026-06-04 00:00:00,20.24,19.89,60,overcast clouds,3.57,0
Saintes Maries de la mer,2026-06-04 03:00:00,19.29,18.97,65,broken clouds,4.21,0
Saintes Maries de la mer,2026-06-04 06:00:00,19.66,19.3,62,overcast clouds,2.08,0
Saintes Maries de la mer,2026-06-04 09:00:00,21.56,21.23,56,overcast clouds,1.37,0
Saintes Maries de la mer,2026-06-04 12:00:00,22.28,22.1,59,overcast clouds,3.39,0
Saintes Maries de la mer,2026-06-04 15:00:00,22.08,22.12,68,overcast clouds,6.64,0
Saintes Maries de la mer,2026-06-04 18:00:00,21.76,22.03,78,overcast clouds,7.45,0
Saintes Maries de la mer,2026-06-04 21:00:00,15.75,15.76,91,moderate rain,9.25,5.2
Saintes Maries de la mer,2026-06-05 00:00:00,15.8,15.68,86,moderate rain,6.03,8.2
Saintes Maries de la mer,2026-06-05 03:00:00,16.03,15.57,72,broken clouds,7.8,0
Saintes Maries de la mer,2026-06-05 06:00:00,16.27,15.75,69,scattered clouds,7.32,0
Saintes Maries de la mer,2026-06-05 09:00:00,19.4,18.62,47,clear sky,7.38,0
Saintes Maries de la mer,2026-06-05 12:00:00,22.01,21.31,40,scattered clouds,4.63,0
Saintes Maries de la mer,2026-06-05 15:00:00,23.55,23.08,43,clear sky,3.41,0
Saintes Maries de la mer,2026-06-05 18:00:00,22.05,21.72,54,clear sky,2.25,0
Saintes Maries de la mer,2026-06-05 21:00:00,19.39,18.69,50,broken clouds,6.74,0
Saintes Maries de la mer,2026-06-06 00:00:00,18.39,17.69,54,broken clouds,6.03,0
Saintes Maries de la mer,2026-06-06 03:00:00,17.43,16.72,57,broken clouds,5.93,0
Saintes Maries de la mer,2026-06-06 06:00:00,17.6,16.9,57,broken clouds,5.12,0
Saintes Maries de la mer,2026-06-06 09:00:00,22.1,21.51,44,few clouds,2.94,0
Saintes Maries de la mer,2026-06-06 12:00:00,22.87,22.34,43,few clouds,3.85,0
Collioure,2026-06-01 15:00:00,28.92,29.8,52,overcast clouds,3.72,0
Collioure,2026-06-01 18:00:00,27.49,28.82,61,light rain,2.23,0.18
Collioure,2026-06-01 21:00:00,21.31,21.66,83,light rain,2.92,0.96
Collioure,2026-06-02 00:00:00,21.02,21.27,80,light rain,1.95,2.11
Collioure,2026-06-02 03:00:00,19.99,20.24,84,light rain,1.93,1.6
Collioure,2026-06-02 06:00:00,21.6,21.88,79,broken clouds,1.33,0
Collioure,2026-06-02 09:00:00,24.94,25.06,60,overcast clouds,2.96,0
Collioure,2026-06-02 12:00:00,20.62,20.46,66,overcast clouds,6.82,0
Collioure,2026-06-02 15:00:00,19.84,19.79,73,light rain,6.22,0.69
Collioure,2026-06-02 18:00:00,20.25,19.95,62,light rain,8.35,0.24
Collioure,2026-06-02 21:00:00,20.24,19.76,55,overcast clouds,9.21,0
Collioure,2026-06-03 00:00:00,18.38,17.76,57,overcast clouds,7.54,0
Collioure,2026-06-03 03:00:00,16.1,15.49,66,broken clouds,7.23,0
Collioure,2026-06-03 06:00:00,17.41,16.83,62,scattered clouds,6.67,0
Collioure,2026-06-03 09:00:00,21.98,21.43,46,overcast clouds,5.49,0
Collioure,2026-06-03 12:00:00,25.67,25.23,36,broken clouds,5.85,0
Collioure,2026-06-03 15:00:00,27.45,26.89,34,scattered clouds,5.03,0
Collioure,2026-06-03 18:00:00,24.7,24.51,49,few clouds,1.76,0
Collioure,2026-06-03 21:00:00,19.99,19.74,65,scattered clouds,1.6,0
Collioure,2026-06-04 00:00:00,19.14,18.83,66,broken clouds,2.09,0
Collioure,2026-06-04 03:00:00,18.2,17.96,72,few clouds,2,0
Collioure,2026-06-04 06:00:00,20.62,20.41,64,broken clouds,1,0
Collioure,2026-06-04 09:00:00,24.27,24.06,50,overcast clouds,2.23,0
Collioure,2026-06-04 12:00:00,24.89,24.87,55,overcast clouds,4.61,0
Collioure,2026-06-04 15:00:00,20.75,20.84,75,broken clouds,1.45,0
Collioure,2026-06-04 18:00:00,18.62,18.55,77,light rain,9.37,0.49
Collioure,2026-06-04 21:00:00,15.56,15.55,91,moderate rain,7.24,4.96
Collioure,2026-06-05 00:00:00,15.3,15.21,89,light rain,5.93,2.59
Collioure,2026-06-05 03:00:00,15.43,15.12,80,overcast clouds,7.61,0
Collioure,2026-06-05 06:00:00,15.89,15.39,71,overcast clouds,7.23,0
Collioure,2026-06-05 09:00:00,18.63,18.04,57,overcast clouds,5.91,0
Collioure,2026-06-05 12:00:00,22.79,22.33,46,broken clouds,5.68,0
Collioure,2026-06-05 15:00:00,23.11,22.73,48,broken clouds,1.1,0
Collioure,2026-06-05 18:00:00,22.5,22.24,55,broken clouds,2.21,0
Collioure,2026-06-05 21:00:00,18.81,18.37,62,overcast clouds,2.27,0
Collioure,2026-06-06 00:00:00,17.58,17.12,66,overcast clouds,1.14,0
Collioure,2026-06-06 03:00:00,17.02,16.55,68,overcast clouds,0.48,0
Collioure,2026-06-06 06:00:00,19.02,18.65,64,broken clouds,0.53,0
Collioure,2026-06-06 09:00:00,22.79,22.53,54,scattered clouds,1.97,0
Collioure,2026-06-06 12:00:00,24.76,24.6,50,broken clouds,3.62,0
Carcassonne,2026-06-01 15:00:00,27.26,27.47,47,scattered clouds,4.82,0
Carcassonne,2026-06-01 18:00:00,26.2,26.2,49,broken clouds,4.36,0
Carcassonne,2026-06-01 21:00:00,21.59,21.76,75,light rain,3.01,0.24
Carcassonne,2026-06-02 00:00:00,22.69,23.13,81,light rain,2.71,0.13
Carcassonne,2026-06-02 03:00:00,21.24,21.74,89,scattered clouds,3.13,0
Carcassonne,2026-06-02 06:00:00,19.52,19.9,91,broken clouds,4.18,0
Carcassonne,2026-06-02 09:00:00,18.43,18.42,80,overcast clouds,6.91,0
Carcassonne,2026-06-02 12:00:00,17.38,17.34,83,light rain,6.3,0.33
Carcassonne,2026-06-02 15:00:00,18.44,18.22,72,light rain,8.23,0.1
Carcassonne,2026-06-02 18:00:00,20.23,19.88,60,overcast clouds,9.64,0
Carcassonne,2026-06-02 21:00:00,17.15,16.49,60,clear sky,8.44,0
Carcassonne,2026-06-03 00:00:00,14.06,13.53,77,clear sky,6.8,0
Carcassonne,2026-06-03 03:00:00,12.13,11.75,90,few clouds,6.36,0
Carcassonne,2026-06-03 06:00:00,13.73,13.25,80,light rain,6.67,0.11
Carcassonne,2026-06-03 09:00:00,19.78,19.09,49,overcast clouds,8.64,0
Carcassonne,2026-06-03 12:00:00,23.35,22.73,38,broken clouds,7.65,0
Carcassonne,2026-06-03 15:00:00,25.56,25.06,34,clear sky,7.58,0
Carcassonne,2026-06-03 18:00:00,23.33,22.95,47,few clouds,5.93,0
Carcassonne,2026-06-03 21:00:00,17.65,17.38,73,broken clouds,2.71,0
Carcassonne,2026-06-04 00:00:00,15.75,15.52,82,overcast clouds,1.67,0
Carcassonne,2026-06-04 03:00:00,15.03,14.81,85,overcast clouds,1.75,0
Carcassonne,2026-06-04 06:00:00,17.15,16.91,76,overcast clouds,2.79,0
Carcassonne,2026-06-04 09:00:00,22.62,22.43,57,overcast clouds,3.9,0
Carcassonne,2026-06-04 12:00:00,23.4,23.21,54,overcast clouds,5.24,0
Carcassonne,2026-06-04 15:00:00,22.17,21.96,58,overcast clouds,6.27,0
Carcassonne,2026-06-04 18:00:00,14.46,14.42,94,light rain,6.58,2.04
Carcassonne,2026-06-04 21:00:00,13.49,13.32,93,moderate rain,5.28,5.08
Carcassonne,2026-06-05 00:00:00,13.37,13.16,92,light rain,4.84,0.4
Carcassonne,2026-06-05 03:00:00,13.25,12.95,89,light rain,5.44,0.27
Carcassonne,2026-06-05 06:00:00,12.92,12.49,85,light rain,5.28,0.11
Carcassonne,2026-06-05 09:00:00,16.71,16.03,61,overcast clouds,6.36,0
Carcassonne,2026-06-05 12:00:00,21.58,20.81,39,broken clouds,6.19,0
Carcassonne,2026-06-05 15:00:00,22.99,22.26,35,few clouds,5.05,0
Carcassonne,2026-06-05 18:00:00,20.67,19.94,44,scattered clouds,4.03,0
Carcassonne,2026-06-05 21:00:00,16.56,15.79,58,overcast clouds,1.22,0
Carcassonne,2026-06-06 00:00:00,15.31,14.52,62,overcast clouds,1.34,0
Carcassonne,2026-06-06 03:00:00,13.44,12.64,69,broken clouds,0.2,0
Carcassonne,2026-06-06 06:00:00,16.89,16.1,56,broken clouds,0.69,0
Carcassonne,2026-06-06 09:00:00,23.56,23.02,40,broken clouds,2.41,0
Carcassonne,2026-06-06 12:00:00,27.93,27.14,32,broken clouds,3.51,0
Ariege,2026-06-01 15:00:00,20.05,19.78,64,light rain,2.8,0.62
Ariege,2026-06-01 18:00:00,18.97,18.99,79,light rain,0.77,1.09
Ariege,2026-06-01 21:00:00,16.67,16.93,97,light rain,1.82,1.68
Ariege,2026-06-02 00:00:00,18.78,19.12,92,light rain,1.79,0.22
Ariege,2026-06-02 03:00:00,17.58,17.87,95,scattered clouds,1.32,0
Ariege,2026-06-02 06:00:00,14.09,14.09,97,broken clouds,1.23,0
Ariege,2026-06-02 09:00:00,12.36,12.18,97,light rain,2.1,0.1
Ariege,2026-06-02 12:00:00,10.68,10.34,97,light rain,1.9,0.27
Ariege,2026-06-02 15:00:00,11.16,10.68,90,light rain,1.98,0.2
Ariege,2026-06-02 18:00:00,11.52,10.95,85,overcast clouds,2.2,0
Ariege,2026-06-02 21:00:00,9.52,8.84,88,broken clouds,1.76,0
Ariege,2026-06-03 00:00:00,6.38,5.62,95,broken clouds,1.42,0
Ariege,2026-06-03 03:00:00,7.09,6.35,88,scattered clouds,1.48,0
Ariege,2026-06-03 06:00:00,9.41,9.41,77,broken clouds,0.99,0
Ariege,2026-06-03 09:00:00,13.9,12.78,55,broken clouds,2.51,0
Ariege,2026-06-03 12:00:00,17.9,16.89,44,scattered clouds,3.14,0
Ariege,2026-06-03 15:00:00,19.4,18.47,41,clear sky,3.4,0
Ariege,2026-06-03 18:00:00,16.49,15.84,63,clear sky,1.9,0
Ariege,2026-06-03 21:00:00,11.44,10.78,82,broken clouds,2.48,0
Ariege,2026-06-04 00:00:00,11.09,10.24,76,broken clouds,2.53,0
Ariege,2026-06-04 03:00:00,10.53,9.52,72,overcast clouds,1.95,0
Ariege,2026-06-04 06:00:00,12.47,11.6,70,overcast clouds,0.42,0
Ariege,2026-06-04 09:00:00,16.08,15.49,67,overcast clouds,1.85,0
Ariege,2026-06-04 12:00:00,16.22,15.86,75,light rain,2.63,0.18
Ariege,2026-06-04 15:00:00,12.08,11.95,100,light rain,2.52,1.29
Ariege,2026-06-04 18:00:00,8.98,7.78,99,moderate rain,2.28,6.91
Ariege,2026-06-04 21:00:00,8.78,8.22,99,moderate rain,1.53,10.04
Ariege,2026-06-05 00:00:00,8.19,8.19,98,light rain,1.29,0.51
Ariege,2026-06-05 03:00:00,7.44,7.44,97,light rain,1.03,0.1
Ariege,2026-06-05 06:00:00,7.63,7.63,97,light rain,0.98,0.33
Ariege,2026-06-05 09:00:00,10.38,9.64,83,light rain,2.02,0.19
Ariege,2026-06-05 12:00:00,12.51,11.67,71,light rain,2.06,0.1
Ariege,2026-06-05 15:00:00,14.63,13.79,63,overcast clouds,2.14,0
Ariege,2026-06-05 18:00:00,13.32,12.64,74,overcast clouds,1.52,0
Ariege,2026-06-05 21:00:00,9.88,8.96,84,overcast clouds,2.11,0
Ariege,2026-06-06 00:00:00,10.12,9.3,81,overcast clouds,1.72,0
Ariege,2026-06-06 03:00:00,9.44,8.19,78,broken clouds,2.46,0
Ariege,2026-06-06 06:00:00,12.85,12.02,70,broken clouds,0.85,0
Ariege,2026-06-06 09:00:00,18.86,18.13,51,broken clouds,1.92,0
Ariege,2026-06-06 12:00:00,21.95,21.38,45,overcast clouds,2.79,0
Toulouse,2026-06-01 15:00:00,25.63,25.5,48,broken clouds,2.62,0
Toulouse,2026-06-01 18:00:00,25.2,25.13,52,overcast clouds,2.67,0
Toulouse,2026-06-01 21:00:00,20.63,20.55,69,broken clouds,2.02,0
Toulouse,2026-06-02 00:00:00,20.9,21.08,78,overcast clouds,2.7,0
Toulouse,2026-06-02 03:00:00,19.35,19.8,94,few clouds,3.56,0
Toulouse,2026-06-02 06:00:00,17.94,18.09,88,broken clouds,4.6,0
Toulouse,2026-06-02 09:00:00,16.83,16.84,87,light rain,4.67,0.24
Toulouse,2026-06-02 12:00:00,16.74,16.56,80,light rain,5.64,0.48
Toulouse,2026-06-02 15:00:00,20.74,20.41,59,light rain,7.51,0.19
Toulouse,2026-06-02 18:00:00,20.78,20.19,49,broken clouds,7.85,0
Toulouse,2026-06-02 21:00:00,15.61,14.92,65,few clouds,5.87,0
Toulouse,2026-06-03 00:00:00,13.33,12.96,86,clear sky,5.08,0
Toulouse,2026-06-03 03:00:00,11.7,11.38,94,light rain,4,0.11
Toulouse,2026-06-03 06:00:00,13.16,12.65,81,light rain,4.27,0.13
Toulouse,2026-06-03 09:00:00,16.79,16.22,65,overcast clouds,4.24,0
Toulouse,2026-06-03 12:00:00,22.81,22.24,42,broken clouds,5.22,0
Toulouse,2026-06-03 15:00:00,23.97,23.55,43,clear sky,5.09,0
Toulouse,2026-06-03 18:00:00,22.52,22.26,55,few clouds,3.97,0
Toulouse,2026-06-03 21:00:00,17.96,17.72,73,scattered clouds,2.62,0
Toulouse,2026-06-04 00:00:00,15.85,15.63,82,broken clouds,1.87,0
Toulouse,2026-06-04 03:00:00,14.67,14.49,88,overcast clouds,2.06,0
Toulouse,2026-06-04 06:00:00,16.28,16.03,79,overcast clouds,2.7,0
Toulouse,2026-06-04 09:00:00,17.96,17.8,76,overcast clouds,2.29,0
Toulouse,2026-06-04 12:00:00,18.23,18.04,74,overcast clouds,2.83,0
Toulouse,2026-06-04 15:00:00,15.02,14.95,91,light rain,4.98,0.64
Toulouse,2026-06-04 18:00:00,13.83,13.78,96,moderate rain,5.24,8.26
Toulouse,2026-06-04 21:00:00,13.14,12.96,94,moderate rain,2.59,3.14
Toulouse,2026-06-05 00:00:00,12.12,11.87,95,light rain,3.44,0.11
Toulouse,2026-06-05 03:00:00,10.55,10.17,96,light rain,2.71,0.15
Toulouse,2026-06-05 06:00:00,11.86,11.45,90,few clouds,2.24,0
Toulouse,2026-06-05 09:00:00,16.32,15.73,66,light rain,3.04,0.12
Toulouse,2026-06-05 12:00:00,19.04,18.23,47,light rain,2.59,0.12
Toulouse,2026-06-05 15:00:00,21.61,20.87,40,few clouds,2.71,0
Toulouse,2026-06-05 18:00:00,19.61,19.01,53,broken clouds,2.38,0
Toulouse,2026-06-05 21:00:00,15.7,14.97,63,overcast clouds,1.39,0
Toulouse,2026-06-06 00:00:00,15.57,14.8,62,overcast clouds,0.72,0
Toulouse,2026-06-06 03:00:00,13.1,12.27,69,scattered clouds,1.2,0
Toulouse,2026-06-06 06:00:00,15.42,14.66,63,scattered clouds,1.36,0
Toulouse,2026-06-06 09:00:00,21.21,20.56,45,few clouds,2.19,0
Toulouse,2026-06-06 12:00:00,25.95,25.95,38,few clouds,1.96,0
Montauban,2026-06-01 15:00:00,26.39,26.39,54,overcast clouds,2.9,0
Montauban,2026-06-01 18:00:00,25.13,25.29,61,overcast clouds,3.09,0
Montauban,2026-06-01 21:00:00,19.78,19.8,76,overcast clouds,2.44,0
Montauban,2026-06-02 00:00:00,18.5,18.68,87,broken clouds,1.49,0
Montauban,2026-06-02 03:00:00,17.16,17.39,94,few clouds,2.73,0
Montauban,2026-06-02 06:00:00,18.18,18.43,91,light rain,4.11,0.4
Montauban,2026-06-02 09:00:00,16.33,16.45,93,light rain,5.21,1.52
Montauban,2026-06-02 12:00:00,16.82,16.8,86,light rain,6.78,0.7
Montauban,2026-06-02 15:00:00,23.53,22.93,38,light rain,8.21,0.13
Montauban,2026-06-02 18:00:00,19.87,19.32,54,broken clouds,7.41,0
Montauban,2026-06-02 21:00:00,14.76,14.22,74,clear sky,4.55,0
Montauban,2026-06-03 00:00:00,11.65,11.3,93,clear sky,3.35,0
Montauban,2026-06-03 03:00:00,11.13,10.83,97,light rain,3.13,0.12
Montauban,2026-06-03 06:00:00,13.14,12.89,91,scattered clouds,2.33,0
Montauban,2026-06-03 09:00:00,18.19,17.79,66,light rain,4.28,0.27
Montauban,2026-06-03 12:00:00,21.42,20.92,50,light rain,4.7,0.16
Montauban,2026-06-03 15:00:00,23.72,23.37,47,broken clouds,4.27,0
Montauban,2026-06-03 18:00:00,22.22,22.12,62,broken clouds,2.62,0
Montauban,2026-06-03 21:00:00,16.92,16.73,79,overcast clouds,1.75,0
Montauban,2026-06-04 00:00:00,15.11,14.95,87,overcast clouds,2.21,0
Montauban,2026-06-04 03:00:00,15.82,15.62,83,overcast clouds,1.58,0
Montauban,2026-06-04 06:00:00,16.1,15.88,81,overcast clouds,2.24,0
Montauban,2026-06-04 09:00:00,16.96,16.8,80,overcast clouds,1.73,0
Montauban,2026-06-04 12:00:00,16.86,16.79,84,light rain,1.46,0.18
Montauban,2026-06-04 15:00:00,14.48,14.49,96,moderate rain,4.12,4.77
Montauban,2026-06-04 18:00:00,13.23,13.06,94,heavy intensity rain,3.9,12.65
Montauban,2026-06-04 21:00:00,12.78,12.57,94,light rain,2.41,0.72
Montauban,2026-06-05 00:00:00,11.13,10.83,97,light rain,2.85,0.19
Montauban,2026-06-05 03:00:00,9.54,8.98,96,few clouds,1.64,0
Montauban,2026-06-05 06:00:00,11.56,11.1,89,scattered clouds,1.21,0
Montauban,2026-06-05 09:00:00,16.08,15.49,67,broken clouds,2.46,0
Montauban,2026-06-05 12:00:00,19.45,18.73,49,scattered clouds,2.38,0
Montauban,2026-06-05 15:00:00,21.03,20.36,45,clear sky,2.48,0
Montauban,2026-06-05 18:00:00,19.17,18.76,62,broken clouds,2.02,0
Montauban,2026-06-05 21:00:00,15.47,14.69,62,overcast clouds,1.08,0
Montauban,2026-06-06 00:00:00,14.63,13.85,65,overcast clouds,1.16,0
Montauban,2026-06-06 03:00:00,12.15,11.38,75,broken clouds,1.85,0
Montauban,2026-06-06 06:00:00,14.55,13.84,68,scattered clouds,1.37,0
Montauban,2026-06-06 09:00:00,20.5,19.94,51,clear sky,1.17,0
Montauban,2026-06-06 12:00:00,25.1,24.79,43,clear sky,0.32,0
Biarritz,2026-06-01 15:00:00,21.64,21.64,68,overcast clouds,3.77,0
Biarritz,2026-06-01 18:00:00,20.05,20.17,79,overcast clouds,2.33,0
Biarritz,2026-06-01 21:00:00,16.92,17.1,93,broken clouds,2.81,0
Biarritz,2026-06-02 00:00:00,14.58,14.55,94,broken clouds,2.76,0
Biarritz,2026-06-02 03:00:00,15.09,14.98,89,overcast clouds,3.91,0
Biarritz,2026-06-02 06:00:00,17,16.77,77,overcast clouds,3.73,0
Biarritz,2026-06-02 09:00:00,16.97,17.12,92,light rain,5.19,1.48
Biarritz,2026-06-02 12:00:00,16.96,17.01,88,light rain,6,1.27
Biarritz,2026-06-02 15:00:00,18.51,18.3,72,light rain,5.86,0.36
Biarritz,2026-06-02 18:00:00,17.46,17.25,76,scattered clouds,4.84,0
Biarritz,2026-06-02 21:00:00,15.52,15.37,86,light rain,4.31,0.44
Biarritz,2026-06-03 00:00:00,15.7,15.57,86,light rain,4.6,0.56
Biarritz,2026-06-03 03:00:00,15.05,14.93,89,light rain,4.62,0.48
Biarritz,2026-06-03 06:00:00,15.05,14.88,87,light rain,3.42,0.34
Biarritz,2026-06-03 09:00:00,17.94,17.54,67,scattered clouds,2.74,0
Biarritz,2026-06-03 12:00:00,19.22,18.76,60,scattered clouds,2.04,0
Biarritz,2026-06-03 15:00:00,20.47,20.03,56,broken clouds,1.38,0
Biarritz,2026-06-03 18:00:00,19.85,19.51,62,scattered clouds,0.82,0
Biarritz,2026-06-03 21:00:00,17.56,17.28,73,overcast clouds,1.65,0
Biarritz,2026-06-04 00:00:00,17.04,16.94,82,overcast clouds,3.92,0
Biarritz,2026-06-04 03:00:00,17.51,17.43,81,overcast clouds,2.95,0
Biarritz,2026-06-04 06:00:00,16.71,16.81,91,light rain,3.34,0.39
Biarritz,2026-06-04 09:00:00,16.34,16.41,91,light rain,4.65,1.52
Biarritz,2026-06-04 12:00:00,15.94,15.91,89,light rain,5.03,1.25
Biarritz,2026-06-04 15:00:00,15.55,15.51,90,light rain,5.16,1.78
Biarritz,2026-06-04 18:00:00,15.42,15.32,88,light rain,3.69,1.79
Biarritz,2026-06-04 21:00:00,15.42,15.13,81,light rain,4.56,0.95
Biarritz,2026-06-05 00:00:00,14.38,14.07,84,light rain,3.77,0.72
Biarritz,2026-06-05 03:00:00,14.34,13.74,73,light rain,1.78,0.73
Biarritz,2026-06-05 06:00:00,14.25,13.74,77,light rain,0.65,0.17
Biarritz,2026-06-05 09:00:00,16.85,16.24,63,light rain,1.66,0.17
Biarritz,2026-06-05 12:00:00,17.4,16.76,60,broken clouds,3.11,0
Biarritz,2026-06-05 15:00:00,17.38,16.74,60,overcast clouds,3.7,0
Biarritz,2026-06-05 18:00:00,17.14,16.55,63,overcast clouds,2.19,0
Biarritz,2026-06-05 21:00:00,15.14,14.56,71,overcast clouds,1.14,0
Biarritz,2026-06-06 00:00:00,13.22,12.71,81,broken clouds,2.22,0
Biarritz,2026-06-06 03:00:00,13.01,12.51,82,scattered clouds,1.22,0
Biarritz,2026-06-06 06:00:00,14.9,14.43,76,few clouds,1.16,0
Biarritz,2026-06-06 09:00:00,20.62,20.3,60,few clouds,1.29,0
Biarritz,2026-06-06 12:00:00,22.48,22.3,58,few clouds,3.58,0
Bayonne,2026-06-01 15:00:00,22.64,22.71,67,overcast clouds,4.06,0
Bayonne,2026-06-01 18:00:00,20.33,20.46,78,overcast clouds,2.89,0
Bayonne,2026-06-01 21:00:00,17.63,17.93,95,broken clouds,2.69,0
Bayonne,2026-06-02 00:00:00,16.43,16.64,96,broken clouds,2.29,0
Bayonne,2026-06-02 03:00:00,16.89,17.01,91,overcast clouds,3.45,0
Bayonne,2026-06-02 06:00:00,18.51,18.48,79,overcast clouds,3.16,0
Bayonne,2026-06-02 09:00:00,16.82,16.99,93,light rain,4.68,1.3
Bayonne,2026-06-02 12:00:00,16.92,16.99,89,light rain,5.57,1.25
Bayonne,2026-06-02 15:00:00,18.86,18.6,69,light rain,5.69,0.33
Bayonne,2026-06-02 18:00:00,17.56,17.33,75,scattered clouds,4.48,0
Bayonne,2026-06-02 21:00:00,14.98,14.86,89,light rain,3.55,0.42
Bayonne,2026-06-03 00:00:00,15.03,14.91,89,light rain,3.73,0.48
Bayonne,2026-06-03 03:00:00,14.7,14.6,91,light rain,4,0.49
Bayonne,2026-06-03 06:00:00,14.72,14.57,89,light rain,3.09,0.37
Bayonne,2026-06-03 09:00:00,18.26,17.84,65,scattered clouds,3,0
Bayonne,2026-06-03 12:00:00,19.73,19.27,58,scattered clouds,2.64,0
Bayonne,2026-06-03 15:00:00,20.79,20.36,55,overcast clouds,1.76,0
Bayonne,2026-06-03 18:00:00,19.97,19.64,62,scattered clouds,0.81,0
Bayonne,2026-06-03 21:00:00,16.9,16.58,74,overcast clouds,1.51,0
Bayonne,2026-06-04 00:00:00,16.72,16.56,81,overcast clouds,3.48,0
Bayonne,2026-06-04 03:00:00,17.01,16.93,83,overcast clouds,2.71,0
Bayonne,2026-06-04 06:00:00,16.61,16.73,92,light rain,3.07,0.28
Bayonne,2026-06-04 09:00:00,16.25,16.36,93,light rain,4.19,1.36
Bayonne,2026-06-04 12:00:00,15.76,15.74,90,light rain,4.61,1.05
Bayonne,2026-06-04 15:00:00,15.38,15.35,91,light rain,4.65,1.56
Bayonne,2026-06-04 18:00:00,15.09,15,90,light rain,3.09,1.65
Bayonne,2026-06-04 21:00:00,14.78,14.51,84,light rain,3.93,0.98
Bayonne,2026-06-05 00:00:00,13.46,13.13,87,light rain,2.77,0.67
Bayonne,2026-06-05 03:00:00,13.35,12.8,79,light rain,1,0.79
Bayonne,2026-06-05 06:00:00,13.53,13.05,81,light rain,0.55,0.12
Bayonne,2026-06-05 09:00:00,17.19,16.56,61,light rain,1.7,0.11
Bayonne,2026-06-05 12:00:00,17.91,17.27,58,broken clouds,3.3,0
Bayonne,2026-06-05 15:00:00,17.74,17.11,59,broken clouds,3.76,0
Bayonne,2026-06-05 18:00:00,17.32,16.78,64,overcast clouds,2.18,0
Bayonne,2026-06-05 21:00:00,14.37,13.77,73,overcast clouds,0.88,0
Bayonne,2026-06-06 00:00:00,12.36,11.82,83,broken clouds,1.92,0
Bayonne,2026-06-06 03:00:00,12.07,11.55,85,scattered clouds,1.08,0
Bayonne,2026-06-06 06:00:00,14.41,13.92,77,few clouds,1.2,0
Bayonne,2026-06-06 09:00:00,21.36,21.07,58,clear sky,1.38,0
Bayonne,2026-06-06 12:00:00,23.62,23.45,54,few clouds,3.21,0
La Rochelle,2026-06-01 15:00:00,21.19,21.06,65,scattered clouds,4.26,0
La Rochelle,2026-06-01 18:00:00,19.88,19.83,73,broken clouds,2.99,0
La Rochelle,2026-06-01 21:00:00,17.93,18.13,90,broken clouds,5.18,0
La Rochelle,2026-06-02 00:00:00,16.65,16.62,86,broken clouds,5.75,0
La Rochelle,2026-06-02 03:00:00,17.15,17.04,81,overcast clouds,7.93,0
La Rochelle,2026-06-02 06:00:00,18.36,18.44,84,light rain,8.22,2.46
La Rochelle,2026-06-02 09:00:00,17.91,17.66,73,light rain,9.9,0.32
La Rochelle,2026-06-02 12:00:00,18.06,17.78,71,light rain,10.73,0.14
La Rochelle,2026-06-02 15:00:00,17.96,17.72,73,light rain,10.65,0.24
La Rochelle,2026-06-02 18:00:00,17.46,17.19,74,light rain,9.51,0.2
La Rochelle,2026-06-02 21:00:00,17.03,16.75,75,light rain,9.13,0.19
La Rochelle,2026-06-03 00:00:00,16.98,16.72,76,light rain,8.54,0.35
La Rochelle,2026-06-03 03:00:00,16.75,16.46,76,light rain,7.87,0.32
La Rochelle,2026-06-03 06:00:00,16.8,16.44,73,light rain,7.96,0.24
La Rochelle,2026-06-03 09:00:00,17.78,17.44,70,overcast clouds,8.17,0
La Rochelle,2026-06-03 12:00:00,17.46,17.38,81,light rain,9.28,0.11
La Rochelle,2026-06-03 15:00:00,17.55,17.71,90,light rain,10.31,0.54
La Rochelle,2026-06-03 18:00:00,17.42,17.67,94,light rain,10.57,0.71
La Rochelle,2026-06-03 21:00:00,17.84,18.06,91,light rain,10,0.31
La Rochelle,2026-06-04 00:00:00,17.04,16.94,82,light rain,10.71,0.24
La Rochelle,2026-06-04 03:00:00,16.85,16.57,76,light rain,10.37,0.25
La Rochelle,2026-06-04 06:00:00,16.92,16.63,75,light rain,9.36,0.41
La Rochelle,2026-06-04 09:00:00,17.14,16.66,67,light rain,9.2,0.17
La Rochelle,2026-06-04 12:00:00,16.68,16.18,68,light rain,9.75,0.37
La Rochelle,2026-06-04 15:00:00,16.29,15.83,71,light rain,10.35,0.46
La Rochelle,2026-06-04 18:00:00,16.39,15.81,66,light rain,10.63,0.85
La Rochelle,2026-06-04 21:00:00,15.94,15.21,62,light rain,9.17,0.23
La Rochelle,2026-06-05 00:00:00,15.4,14.56,60,light rain,8.35,0.25
La Rochelle,2026-06-05 03:00:00,15.05,14.33,66,light rain,6.88,0.32
La Rochelle,2026-06-05 06:00:00,15.16,14.45,66,light rain,5.03,0.43
La Rochelle,2026-06-05 09:00:00,16.33,15.59,60,light rain,4.77,0.37
La Rochelle,2026-06-05 12:00:00,17.05,16.3,57,broken clouds,4.97,0
La Rochelle,2026-06-05 15:00:00,16.92,16.18,58,scattered clouds,4.3,0
La Rochelle,2026-06-05 18:00:00,16.55,15.72,56,broken clouds,2.83,0
La Rochelle,2026-06-05 21:00:00,15.12,14.28,61,overcast clouds,1.46,0
La Rochelle,2026-06-06 00:00:00,14.65,13.87,65,overcast clouds,2.19,0
La Rochelle,2026-06-06 03:00:00,14.06,13.32,69,overcast clouds,2.38,0
La Rochelle,2026-06-06 06:00:00,14.85,14.19,69,overcast clouds,3.64,0
La Rochelle,2026-06-06 09:00:00,17.8,17.18,59,broken clouds,4.36,0
La Rochelle,2026-06-06 12:00:00,18.74,18.18,58,scattered clouds,4.77,0
